design_id,design_size,b_star_equiv,q05,q10,minimum,mean,cvar05,cvar10,val_failure_rate,test_failure_rate
0,41,0.0,37.40005493164063,42.2796630859375,30.199432373046875,587.2810854985643,34.463709050958805,37.024372379954265,0.06666666666666667,0.08888888888888889
1,41,0.0,37.40005493164063,42.2796630859375,30.199432373046875,587.2810854985643,34.463709050958805,37.024372379954265,0.06666666666666667,0.08888888888888889
2,41,0.0,37.40005493164063,42.2796630859375,30.199432373046875,587.2810854985643,34.463709050958805,37.024372379954265,0.06666666666666667,0.08888888888888889
3,41,0.0,37.40005493164063,42.2796630859375,30.199432373046875,587.2810854985643,34.463709050958805,37.024372379954265,0.06666666666666667,0.08888888888888889
4,41,0.0,37.40005493164063,42.2796630859375,30.199432373046875,587.2810854985643,34.463709050958805,37.024372379954265,0.06666666666666667,0.08888888888888889
5,41,0.0,37.40005493164063,42.2796630859375,30.199432373046875,587.2810854985643,34.463709050958805,37.024372379954265,0.06666666666666667,0.08888888888888889
6,41,0.0,37.40005493164063,42.2796630859375,30.199432373046875,587.2810854985643,34.463709050958805,37.024372379954265,0.06666666666666667,0.08888888888888889
7,41,0.0,37.40005493164063,42.2796630859375,30.199432373046875,587.2810854985643,34.463709050958805,37.024372379954265,0.06666666666666667,0.08888888888888889
8,41,0.0,37.40005493164063,42.2796630859375,30.199432373046875,587.2810854985643,34.463709050958805,37.024372379954265,0.06666666666666667,0.08888888888888889
9,41,0.0,37.40005493164063,42.2796630859375,30.199432373046875,587.2810854985643,34.463709050958805,37.024372379954265,0.06666666666666667,0.08888888888888889
10,41,0.0,37.40005493164063,42.2796630859375,30.199432373046875,587.2810854985643,34.463709050958805,37.024372379954265,0.06666666666666667,0.08888888888888889
11,41,0.0,37.40005493164063,42.2796630859375,30.199432373046875,587.2810854985643,34.463709050958805,37.024372379954265,0.06666666666666667,0.08888888888888889
12,41,0.0,37.40005493164063,42.2796630859375,30.199432373046875,587.2810854985643,34.463709050958805,37.024372379954265,0.06666666666666667,0.08888888888888889
13,41,0.0,37.40005493164063,42.2796630859375,30.199432373046875,587.2810854985643,34.463709050958805,37.024372379954265,0.06666666666666667,0.08888888888888889
14,41,0.0,37.40005493164063,42.2796630859375,30.199432373046875,587.2810854985643,34.463709050958805,37.024372379954265,0.06666666666666667,0.08888888888888889
15,41,0.0,37.40005493164063,42.2796630859375,30.199432373046875,587.2810854985643,34.463709050958805,37.024372379954265,0.06666666666666667,0.08888888888888889
16,41,0.0,37.40005493164063,42.2796630859375,30.199432373046875,587.2810854985643,34.463709050958805,37.024372379954265,0.06666666666666667,0.08888888888888889
17,41,0.0,37.40005493164063,42.2796630859375,30.199432373046875,587.2810854985643,34.463709050958805,37.024372379954265,0.06666666666666667,0.08888888888888889
18,41,0.0,37.40005493164063,42.2796630859375,30.199432373046875,587.2810854985643,34.463709050958805,37.024372379954265,0.06666666666666667,0.08888888888888889
19,41,0.0,37.40005493164063,42.2796630859375,30.199432373046875,587.2810854985643,34.463709050958805,37.024372379954265,0.06666666666666667,0.08888888888888889
20,24,0.0,35.120086669921875,40.57983398437501,24.700164794921875,466.82463834290195,31.285749162946427,34.51786320383956,0.14285714285714285,0.14285714285714285
21,24,0.0,36.54022216796875,41.580047607421875,24.700164794921875,490.7581401476272,31.790560767764138,35.398082227494534,0.06666666666666667,0.09206349206349207
22,24,0.0,6.666666666666667,35.32701619466146,6.333821614583334,390.24609161832603,6.550894474637681,15.662735109406757,0.2857142857142857,0.273015873015873
23,24,0.0,24.2803955078125,29.900299072265625,16.2994384765625,333.1731075244757,21.0903567359561,24.102433367473324,0.09523809523809523,0.1111111111111111
24,24,0.0,37.40005493164063,42.2796630859375,30.199432373046875,575.5988822259258,34.463709050958805,37.024372379954265,0.1380952380952381,0.14603174603174604
25,24,0.0,31.840057373046875,37.32009887695313,27.40020751953125,497.1447425599786,30.019088018508185,32.07323027820122,0.14761904761904762,0.14285714285714285
26,24,0.0,29.639739990234375,39.379730224609375,22.299957275390625,476.78997796458793,27.157120477585565,30.417056199980944,0.15714285714285714,0.15873015873015872
27,24,0.0,6.666666666666667,27.440185546875,6.333821614583334,390.15107177412517,6.550894474637681,13.1164153804624,0.2571428571428571,0.3047619047619048
28,24,0.0,37.40005493164063,42.2796630859375,30.199432373046875,575.5988822259258,34.463709050958805,37.024372379954265,0.11904761904761904,0.12698412698412698
29,24,0.0,31.139984130859375,39.379730224609375,23.600006103515625,577.9933928821567,28.185562860398065,31.268254722036968,0.10476190476190476,0.13015873015873017
30,24,0.0,31.099700927734375,37.36007690429688,23.600006103515625,470.3152695883555,28.0379885718936,30.885370766244282,0.18095238095238095,0.18095238095238095
31,24,0.0,28.43963623046875,37.36007690429688,17.800140380859375,281.15324521401845,23.876226515997026,28.29759179092035,0.1619047619047619,0.1873015873015873
32,24,0.0,27.3797607421875,37.59963989257814,14.699554443359377,576.252153143226,23.89988248310392,27.460910207856962,0.1619047619047619,0.17777777777777778
33,24,0.0,26.000213623046875,29.00009155273437,14.699554443359377,476.9637700791464,23.93325593736437,25.499963911752854,0.1761904761904762,0.19365079365079366
34,24,0.0,36.54022216796875,42.07977294921875,30.0994873046875,576.4855649865732,32.75720505487351,35.90729876262386,0.11904761904761904,0.12063492063492064
35,24,0.0,6.666666666666667,30.2001953125,6.333821614583334,408.49625529370974,6.550894474637681,15.138236151801214,0.2523809523809524,0.273015873015873
36,24,0.0,26.000213623046875,29.00009155273437,14.699554443359377,457.29553569937104,23.804092407226562,25.426156180245535,0.18571428571428572,0.19682539682539682
37,24,0.0,27.3797607421875,37.59963989257814,14.699554443359377,556.0320317424597,23.83640592060392,27.42839782218623,0.16666666666666666,0.18412698412698414
38,24,0.0,29.639739990234375,39.379730224609375,22.299957275390625,486.180773758287,27.157120477585565,30.417056199980944,0.10952380952380952,0.1365079365079365
39,24,0.0,4.540252685546875,36.220550537109375,4.33349609375,496.8409935439032,4.39209710984003,15.61469721600292,0.24285714285714285,0.2507936507936508
40,16,0.0,35.446868896484375,40.840301513671875,24.700164794921875,494.31823049601627,31.379421173580106,34.72760704474721,0.20952380952380953,0.17142857142857143
41,16,0.0,4.540252685546875,27.440185546875,4.33349609375,386.7437301846958,4.39209710984003,11.800092991774644,0.3047619047619048,0.33015873015873015
42,16,0.0,18.466796875000004,26.000213623046875,12.999674479166668,378.780346877369,15.460418216765872,19.07145424494668,0.20952380952380953,0.22857142857142856
43,16,0.0,27.3797607421875,37.59963989257814,14.699554443359377,476.35720120082567,23.752267020089285,27.50969863519436,0.11904761904761904,0.13333333333333333
44,16,0.0,6.666666666666667,27.440185546875,6.333821614583334,363.49589184881705,6.550894474637681,12.82126946177909,0.3523809523809524,0.37142857142857144
45,16,0.0,29.639739990234375,39.379730224609375,22.299957275390625,437.2040071376247,27.157120477585565,30.417056199980944,0.09047619047619047,0.13333333333333333
46,16,0.0,21.84002685546875,37.59963989257814,12.666829427083334,445.15347236618976,17.603236607142858,22.86424218154535,0.12380952380952381,0.14285714285714285
47,16,0.0,35.120086669921875,40.57983398437501,24.700164794921875,475.95561219505305,31.285749162946427,34.51786320383956,0.14285714285714285,0.1365079365079365
48,16,0.0,4.5001220703125,26.8597412109375,4.199981689453125,311.35567876966763,4.3617975144159224,11.434136367425687,0.36666666666666664,0.3746031746031746
49,16,0.0,20.800354003906254,26.000213623046875,13.999837239583334,371.9553595361336,18.079504588293652,20.96036638532366,0.15714285714285714,0.1873015873015873
50,16,0.0,28.43963623046875,36.82037353515625,18.6669921875,400.26770349576793,24.452463785807293,28.378912452759785,0.2,0.2
51,16,0.0,23.466471354166668,37.59963989257814,13.999837239583334,461.88406387534025,18.798501150948663,23.512223406535824,0.19047619047619047,0.2253968253968254
52,16,0.0,26.000213623046875,29.00009155273437,14.699554443359377,475.43645657313584,23.93325593736437,25.499963911752854,0.18571428571428572,0.18412698412698414
53,16,0.0,27.3797607421875,37.59963989257814,14.699554443359377,556.0821340447436,23.83640592060392,27.42839782218623,0.18571428571428572,0.1873015873015873
54,16,0.0,26.000213623046875,29.00009155273437,14.699554443359377,475.4157970276128,23.93325593736437,25.499963911752854,0.19047619047619047,0.19365079365079366
55,16,0.0,26.000213623046875,29.00009155273437,14.699554443359377,475.83301994989057,23.87771394517687,25.468225630502854,0.1761904761904762,0.19047619047619047
56,16,0.0,31.139984130859375,39.379730224609375,23.600006103515625,566.9110639676294,28.185562860398065,31.268254722036968,0.17142857142857143,0.1619047619047619
57,16,0.0,24.2803955078125,29.900299072265625,16.2994384765625,329.65207946329656,21.0903567359561,24.102433367473324,0.08095238095238096,0.09523809523809523
58,16,0.0,37.40005493164063,42.2796630859375,30.199432373046875,575.5894906713211,34.463709050958805,37.024372379954265,0.1523809523809524,0.13333333333333333
59,16,0.0,3.400421142578125,30.55999755859375,3.200531005859375,480.53212297186195,3.326250159222147,13.570850651438644,0.2619047619047619,0.2698412698412698
60,10,0.0,6.666666666666667,24.200286865234375,6.333821614583334,463.96570642497744,6.550894474637681,12.666782286108994,0.30952380952380953,0.34285714285714286
61,10,0.0,6.666666666666667,11.599934895833336,6.333821614583334,347.72785065518036,6.550894474637681,8.130200393800814,0.38571428571428573,0.3968253968253968
62,10,0.0,20.800354003906254,26.000213623046875,13.999837239583334,371.7515790867688,18.079504588293652,20.96036638532366,0.19047619047619047,0.20634920634920634
63,10,0.0,21.84002685546875,34.306854248046875,12.999674479166668,457.9758344555446,17.61908637152778,22.722775839208587,0.14761904761904762,0.15873015873015872
64,10,0.061124694376528114,0.899810791015625,24.200286865234375,0.70037841796875,384.18794113295587,0.7668994721912202,9.090367759146341,0.42857142857142855,0.4444444444444444
65,10,0.0,29.506785074869793,37.613474527994796,22.299957275390625,462.32957151330584,27.157120477585565,30.08455354023755,0.16666666666666666,0.19047619047619047
66,10,0.0,35.446868896484375,40.840301513671875,24.700164794921875,490.54629007460915,31.379421173580106,34.72760704474721,0.19047619047619047,0.1746031746031746
67,10,0.0,6.666666666666667,24.200286865234375,6.333821614583334,463.9831894903331,6.550894474637681,12.666782286108994,0.36666666666666664,0.4253968253968254
68,10,0.0,36.54022216796875,42.07977294921875,30.0994873046875,574.9582514805627,32.75720505487351,35.90729876262386,0.1,0.12380952380952381
69,10,0.061124694376528114,2.045883851892808,5.346493721008302,1.0294248076046215,61.52035364908611,1.632493584095931,2.8519373029000104,0.23809523809523808,0.24126984126984127
70,10,0.0,29.3133544921875,35.0804443359375,22.299957275390625,436.46474152730553,27.06664554656498,29.181254317120807,0.15714285714285714,0.1873015873015873
71,10,0.0,4.33349609375,12.266438802083336,4.33349609375,363.2380126658991,4.33349609375,7.032659267022358,0.4238095238095238,0.4444444444444444
72,10,0.0,27.3797607421875,37.59963989257814,14.699554443359377,556.0495148078154,23.83640592060392,27.42839782218623,0.16666666666666666,0.1619047619047619
73,10,0.0,6.666666666666667,27.440185546875,6.333821614583334,374.8116553873737,6.550894474637681,12.82126946177909,0.3,0.326984126984127
74,10,0.0,36.77963256835938,41.06033325195313,24.700164794921875,465.5217828105502,32.54616389198909,35.564225359660824,0.16666666666666666,0.1492063492063492
75,10,0.0,4.33349609375,30.2001953125,4.33349609375,408.15555513099434,4.33349609375,14.1737886177477,0.24285714285714285,0.27936507936507937
76,10,0.0,4.540252685546875,27.440185546875,4.33349609375,369.9398558724675,4.39209710984003,11.800092991774644,0.3523809523809524,0.3682539682539683
77,10,0.0,23.5400390625,28.340301513671875,16.2994384765625,242.80612170910572,20.733206612723215,23.20969744426448,0.14761904761904762,0.14603174603174604
78,10,0.0,9.739990234375002,17.650024414062504,6.500244140625,201.93887724561623,8.26201665969122,10.987865168873856,0.18571428571428572,0.2253968253968254
79,10,0.0,4.5001220703125,36.220550537109375,4.199981689453125,455.5909508889345,4.3617975144159224,15.595115103372713,0.2571428571428571,0.2634920634920635
80,6,0.0,35.446868896484375,40.840301513671875,24.700164794921875,472.59329387786045,31.379421173580106,34.72760704474721,0.12857142857142856,0.15555555555555556
81,6,0.0,18.466796875000004,26.000213623046875,12.666829427083334,350.94300448068685,15.444568452380953,19.063529362754217,0.20476190476190476,0.2253968253968254
82,6,0.0,4.33349609375,12.266438802083336,4.33349609375,363.0342322165343,4.33349609375,7.032659267022358,0.4238095238095238,0.4603174603174603
83,6,0.0,4.33349609375,12.266438802083336,4.33349609375,363.0342322165343,4.33349609375,7.032659267022358,0.4,0.3873015873015873
84,6,0.0,4.5001220703125,26.8597412109375,4.199981689453125,277.7215356057314,4.3617975144159224,11.434136367425687,0.3523809523809524,0.37142857142857144
85,6,0.13691931540342298,1.000213623046875,2.151200866699219,1.000213623046875,23.444131226294783,1.000213623046875,1.3293989228039254,0.20952380952380953,0.21587301587301588
86,6,0.061124694376528114,0.899810791015625,24.200286865234375,0.70037841796875,383.92054270998483,0.7668994721912202,9.090367759146341,0.41904761904761906,0.43174603174603177
87,6,0.10268948655256724,0.15260916170866595,2.9083341360092168,0.1043568486752717,187.16128146619687,0.13223073805834687,1.1700586950968184,0.4380952380952381,0.473015873015873
88,6,0.0,9.739990234375002,16.420135498046875,6.500244140625,189.12860525266464,8.26201665969122,10.573224323551829,0.1380952380952381,0.1619047619047619
89,6,0.10268948655256724,0.3952389671688988,2.9083341360092168,0.3714243570963542,180.84347501608303,0.3850948736534356,1.3182267141179973,0.37142857142857144,0.40634920634920635
90,6,0.0,4.33349609375,12.266438802083336,4.33349609375,368.47774545517404,4.33349609375,7.032659267022358,0.3904761904761905,0.38412698412698415
91,6,0.07823960880195599,1.100006103515625,3.339935302734375,0.999908447265625,95.921034311607,1.0348112686820652,1.817091034679878,0.41904761904761906,0.44761904761904764
92,6,0.061124694376528114,2.666341145833333,8.333333333333334,2.333984375,324.0595565962972,2.349795386904762,4.6282438529554275,0.3952380952380952,0.39365079365079364
93,6,0.061124694376528114,1.403599977493286,4.344801902770996,1.000213623046875,26.035229136716474,1.110071511495681,2.3365488866480386,0.18571428571428572,0.2253968253968254
94,6,0.07823960880195599,1.100006103515625,3.339935302734375,0.999908447265625,115.99854507501067,1.0348112686820652,1.817091034679878,0.4,0.42857142857142855
95,6,0.07823960880195599,1.100006103515625,3.3799743652343754,0.999908447265625,181.88916757630858,1.0348112686820652,1.817091034679878,0.38095238095238093,0.4158730158730159
96,6,0.3056234718826406,0.1760009765625,0.7738431184188179,0.1660003662109375,10.29299653682747,0.169525146484375,0.388829381948817,0.47619047619047616,0.49523809523809526
97,6,0.0,36.54022216796875,41.580047607421875,24.700164794921875,455.2753966818001,31.704820905412948,35.31758281105017,0.11428571428571428,0.14603174603174604
98,6,0.07823960880195599,1.100006103515625,3.339935302734375,0.999908447265625,96.83241627560268,1.0348112686820652,1.817091034679878,0.44761904761904764,0.4126984126984127
99,6,0.0,6.666666666666667,12.266438802083336,6.333821614583334,365.0464702876681,6.550894474637681,8.398516895325205,0.44285714285714284,0.4666666666666667
100,3,0.293398533007335,0.21700401306152342,0.25919799804687504,0.2050018310546875,12.438403836089416,0.21214394342331655,0.2243917976937643,0.47619047619047616,0.4666666666666667
101,3,0.293398533007335,0.3200006484985351,0.3398003578186035,0.2740001678466797,9.966480430589037,0.3071818568489768,0.3183856771684803,0.5047619047619047,0.5047619047619047
102,3,0.061124694376528114,0.899810791015625,24.200286865234375,0.70037841796875,383.92054270998483,0.7668994721912202,9.090367759146341,0.44761904761904764,0.4380952380952381
103,3,0.0,6.666666666666667,27.440185546875,6.333821614583334,357.9464251604524,6.550894474637681,12.82126946177909,0.35714285714285715,0.35873015873015873
104,3,0.12469437652811736,0.5072052001953126,2.3808646824048916,0.480010986328125,96.61589126760305,0.49676441010974703,1.131062917213804,0.4523809523809524,0.45714285714285713
105,3,0.0,6.666666666666667,30.2001953125,6.333821614583334,371.0028125915279,6.550894474637681,15.433471443117128,0.34285714285714286,0.33650793650793653
106,3,0.12469437652811736,0.235298100639792,2.3808646824048916,0.2176446073195513,105.93931291035338,0.2278092710729588,0.9746123837053452,0.4,0.4222222222222222
107,3,0.2762836185819071,0.279998779296875,0.29560089111328125,0.2039909362792968,13.980231231465607,0.2528199282559482,0.2690259421743998,0.5190476190476191,0.5206349206349207
108,3,0.12469437652811736,0.33840012550354004,2.3808646824048916,0.317000150680542,95.73934705570963,0.32833354813711985,1.0276961061127745,0.44761904761904764,0.44761904761904764
109,3,0.0,4.5001220703125,26.8597412109375,4.199981689453125,277.7215356057314,4.3617975144159224,11.434136367425687,0.37142857142857144,0.4031746031746032
110,3,0.3056234718826406,0.3952389671688988,0.6633746934973676,0.3714243570963542,10.784853855499703,0.3850948736534356,0.4706713770794301,0.4857142857142857,0.47619047619047616
111,3,0.061124694376528114,2.666341145833333,8.333333333333334,2.333984375,339.8566187134873,2.349795386904762,4.6282438529554275,0.4095238095238095,0.4444444444444444
112,3,0.061124694376528114,0.899810791015625,24.200286865234375,0.70037841796875,383.92054270998483,0.7668994721912202,9.090367759146341,0.44285714285714284,0.4380952380952381
113,3,0.0,20.800354003906254,26.000213623046875,13.999837239583334,366.308065848129,18.079504588293652,20.96036638532366,0.22380952380952382,0.20317460317460317
114,3,0.12469437652811736,0.1478244947350543,2.3808646824048916,0.1043568486752717,95.72727968485238,0.1300398634356472,0.9073167236587023,0.4238095238095238,0.4444444444444444
115,3,0.07823960880195599,1.100006103515625,3.339935302734375,0.999908447265625,95.921034311607,1.0348112686820652,1.817091034679878,0.44285714285714284,0.4666666666666667
116,3,0.0,4.33349609375,12.266438802083336,4.33349609375,363.0342322165343,4.33349609375,7.032659267022358,0.4714285714285714,0.4857142857142857
117,3,0.07823960880195599,1.100006103515625,3.339935302734375,0.999908447265625,115.99854507501067,1.0348112686820652,1.817091034679878,0.4238095238095238,0.4444444444444444
118,3,0.0,6.666666666666667,11.599934895833336,6.333821614583334,347.72785065518036,6.550894474637681,8.130200393800814,0.4666666666666667,0.44761904761904764
119,3,0.10268948655256724,0.235298100639792,2.9083341360092168,0.2176446073195513,196.89437906441034,0.2278092710729588,1.225968692750398,0.44285714285714284,0.45714285714285713
