start_h,dur_h,strength,n_sensors,rmse,mae,bias,maxerr,spearman,curve
0,6,10000.0,5,8.718186446088732,7.08239952188854,-4.478484984311969,17.610936799641422,0.9411239481143202,36.5;58.3;64.2;72.4;85.3;85.4
0,2,10000.0,5,8.869599107867657,7.3307933662034985,-4.726878828626927,17.6557597489915,0.9411239481143202,36.5;58.3;64.3;72.3;84.6;84.6
0,6,1000.0,5,9.00619123129846,7.114149111011503,-5.698042731211706,18.24966382787987,0.9411239481143202,35.7;55.6;63.5;71.8;84.1;84.2
0,2,1000.0,5,9.296360141316077,7.510085163603766,-6.093978783803969,18.30569251456747,0.9548637106322311,35.7;55.6;63.6;71.7;83.0;83.0
0,1,10000.0,5,10.661910090239926,8.834229792320338,-7.365829971612134,19.896907216494853,0.9548637106322311,36.5;54.9;61.7;70.1;80.8;80.8
0,1,1000.0,5,12.295442880720888,9.773644105782155,-9.295084416554602,22.294935006723435,0.9548637106322311,35.7;52.8;59.0;67.7;79.0;79.0
0,6,100.0,10,13.008003193483994,12.13140594651128,-0.5788883908561182,17.02734199910354,0.9411239481143202,50.1;69.0;74.6;75.9;76.6;79.4
0,1,1000.0,10,13.85722616149682,12.269610040340659,5.009039294785601,23.392200806813094,0.8932596002688613,53.6;75.4;81.8;81.8;82.2;84.2
0,2,100.0,10,14.197326359407933,13.26878828626924,-1.7984461377558685,17.02734199910354,0.6982532518267538,50.1;69.0;74.3;73.6;74.3;76.9
0,1,10000.0,10,14.295863206012301,11.830718661287918,6.665620797848503,25.81264007171673,0.9411239481143202,53.6;77.8;83.1;83.1;83.9;87.5
0,6,1000.0,10,14.73629860835402,11.120648438667265,9.353130135962944,27.5943523083819,0.9411239481143202,53.6;79.6;85.3;87.0;87.7;91.9
0,2,1000.0,10,14.90030928234099,11.918496937098466,7.855296578514866,27.5943523083819,0.9411239481143202,53.6;79.6;85.1;85.1;85.5;87.2
1,6,1000.0,10,15.405322789189306,11.902808904825937,-1.0868818168235503,29.845360824742265,0.9411239481143202,5.2;71.0;83.2;85.0;85.9;92.3
0,6,10000.0,10,15.414583083764326,11.548334080382487,9.750933811444787,29.409681757059616,0.9411239481143202,53.6;81.4;86.0;86.9;87.7;91.9
0,2,10000.0,10,15.423534827261447,11.681308830121024,8.82832810398924,29.409681757059616,0.9411239481143202,53.6;81.4;85.5;85.6;86.3;89.6
1,2,1000.0,10,15.595845065149723,12.506424622740177,-2.3755416106379776,29.845360824742265,0.9411239481143202,5.2;71.0;83.4;84.0;84.4;86.8
1,1,1000.0,10,15.76901882485032,13.096593455849392,-3.062826834005673,29.845360824742265,0.9411239481143202,5.2;71.0;83.1;83.1;83.6;84.7
0,1,100.0,10,15.831861378223483,14.470715673091277,-4.7511579261915395,19.504706409681745,0.6982532518267538,50.1;66.1;71.2;70.7;70.5;72.0
1,6,100.0,20,16.1005600302948,11.673091289406841,-0.09143881667413822,29.845360824742265,0.9411239481143202,5.2;74.3;84.3;86.5;88.1;90.2
1,2,100.0,20,16.21317514723364,12.198266845958463,-0.5172568354997757,29.845360824742265,0.9411239481143202,5.2;74.3;84.7;85.9;87.2;88.6
1,6,10000.0,10,16.264545232723915,12.537800687285221,0.2914238756910154,29.845360824742265,0.9411239481143202,5.2;74.1;85.2;86.1;87.0;93.2
1,2,10000.0,10,16.286856305181907,12.308456596444048,-0.48924249215598675,29.845360824742265,0.9411239481143202,5.2;74.1;85.4;85.5;86.3;89.6
1,1,10000.0,10,16.30329485633628,12.698789780367548,-1.0812789481547884,29.845360824742265,0.9411239481143202,5.2;74.1;84.7;84.8;85.2;88.6
1,1,100.0,20,16.318120694400992,12.728671746600925,-1.017779769908864,29.845360824742265,0.9411239481143202,5.2;74.3;84.8;85.3;86.5;86.9
1,6,100.0,10,16.62565846934501,14.06693560436277,-11.229941730165848,29.845360824742265,0.9411239481143202,5.2;60.5;71.1;72.8;73.9;78.2
1,2,100.0,10,17.379085361698728,14.823322874645159,-11.986329000448237,29.845360824742265,0.9411239481143202,5.2;60.5;71.7;71.9;72.6;75.2
1,1,100.0,10,18.142262792139725,15.712311370088154,-12.875317495891231,29.845360824742265,0.819688599970537,5.2;60.5;71.1;70.8;71.5;72.7
0,6,100.0,5,19.37147116732816,17.680711190796362,-17.680711190796362,29.421783953384143,0.9411239481143202,28.6;42.8;48.4;60.6;71.2;71.3
0,1,100.0,20,19.801938547668797,15.319438219034813,10.314955924099806,34.45316001792918,0.9411239481143202,69.5;82.9;83.5;84.6;85.6;84.8
1,1,1000.0,20,19.969994772231708,15.487897803675464,5.5394441954280405,32.4016136261766,0.9411239481143202,5.2;84.4;92.4;92.8;93.4;94.0
1,2,1000.0,20,19.99248118941581,15.650380995069456,5.701927386822036,32.4016136261766,0.9411239481143202,5.2;84.4;92.3;92.9;93.6;94.8
1,6,1000.0,20,20.139864643005502,16.30218138353501,6.353727775287592,32.4016136261766,0.9411239481143202,5.2;84.4;92.3;93.8;94.8;96.7
0,6,100.0,20,20.348731858961127,14.099133422979234,13.798072613177949,34.45316001792918,0.9411239481143202,69.5;84.7;87.0;89.1;90.2;91.3
0,2,100.0,20,20.387751908569506,14.40803824891678,13.030479605558044,34.45316001792918,0.9411239481143202,69.5;84.7;87.1;87.9;88.6;89.4
1,1,10000.0,20,20.411185784890836,16.326460481099634,6.378006872852212,33.08516360376511,0.9411239481143202,5.2;85.1;93.1;93.7;94.2;96.0
1,2,10000.0,20,20.546078632960945,16.74854325414609,6.8000896458986695,33.08516360376511,0.9411239481143202,5.2;85.1;93.3;94.1;95.0;97.1
1,6,10000.0,20,20.590054507871365,16.94277603466305,6.994322426415629,33.08516360376511,0.9411239481143202,5.2;85.1;93.3;94.5;95.4;97.5
0,2,100.0,5,21.089415287234214,19.13745704467354,-19.13745704467354,32.41371582250114,0.9548637106322311,28.6;42.8;48.5;57.6;68.3;68.3
1,6,10000.0,5,21.70725671842447,18.424025100851633,-18.424025100851633,35.58493948901837,0.9411239481143202,5.2;38.2;51.5;54.4;84.4;84.8
1,2,10000.0,5,21.752771714671187,18.562229194681006,-18.562229194681006,35.64096817570595,0.9411239481143202,5.2;38.2;51.5;54.4;84.2;84.3
1,1,10000.0,5,21.872238683364536,18.984311967727468,-18.984311967727468,35.61855670103092,0.9411239481143202,5.2;38.2;51.5;54.4;82.9;82.9
1,1,100.0,40,21.954177977403855,15.781488121918402,5.423651576273705,39.539668310174775,0.21251185925162072,5.2;91.5;92.7;92.2;91.1;88.8
1,2,100.0,40,22.10005375156161,16.285372777528732,6.3369191692813125,39.539668310174775,0.3946648814672956,5.2;91.5;93.4;93.1;93.0;90.8
1,6,100.0,40,22.144807550183447,16.81951292395037,6.87105931570295,39.539668310174775,0.8932596002688613,5.2;91.5;93.3;93.6;93.3;93.3
2,6,1000.0,10,23.152526033708284,16.19826684595846,-12.440161362617664,46.845360824742265,0.9240616554505461,5.2;5.2;81.1;84.9;85.9;92.1
2,2,10000.0,10,23.22129885256697,16.00627521290901,-12.41401464216345,46.845360824742265,0.9240616554505461,5.2;5.2;82.8;85.5;86.3;89.6
2,6,10000.0,10,23.22425970595787,16.267368892873154,-11.638951142985208,46.845360824742265,0.9240616554505461,5.2;5.2;82.8;86.0;87.0;93.1
1,6,1000.0,5,23.2406732627288,20.465336919169285,-20.465336919169285,37.69161810847156,0.9411239481143202,5.2;34.9;49.2;52.3;82.1;82.5
2,1,10000.0,10,23.244439994881528,16.15942028985508,-12.522336769759455,46.845360824742265,0.9240616554505461,5.2;5.2;82.9;85.5;85.9;89.2
2,6,100.0,20,23.258879311322406,15.863962348722543,-11.892947855968927,46.845360824742265,0.9240616554505461,5.2;5.2;83.6;85.3;88.1;90.3
2,2,1000.0,10,23.27320508841834,16.826161661437318,-13.782982220230089,46.845360824742265,0.9240616554505461,5.2;5.2;81.1;83.8;84.3;86.7
2,2,100.0,20,23.291546077770025,16.202375616315553,-12.329971612132079,46.845360824742265,0.9240616554505461,5.2;5.2;83.6;84.9;87.2;89.0
2,1,1000.0,10,23.35456897264435,17.21649484536082,-14.128492454803528,46.845360824742265,0.9240616554505461,5.2;5.2;81.3;83.5;84.0;85.1
1,2,1000.0,5,23.36640143041785,20.808979530853133,-20.808979530853133,37.75885253249667,0.9411239481143202,5.2;34.9;49.3;52.2;81.2;81.3
1,1,1000.0,5,23.377041448401624,20.82205289108024,-20.82205289108024,37.78126400717169,0.9411239481143202,5.2;34.9;49.3;52.2;81.2;81.3
2,1,100.0,20,23.383114835460272,16.69356043627671,-12.608247422680416,46.845360824742265,0.9240616554505461,5.2;5.2;84.3;84.8;86.7;87.3
1,1,1000.0,40,23.6311248016164,18.52465262214251,8.57619901389509,42.722097714029545,0.3946648814672956,5.2;94.7;95.7;95.1;95.1;94.7
0,1,100.0,5,23.741111314578728,21.658747945614824,-21.658747945614824,35.349619004930524,0.9548637106322311,28.6;40.3;45.4;54.7;65.0;65.0
1,2,1000.0,40,23.84982926018378,19.133497684147585,9.185044075900164,42.722097714029545,0.5768179036829705,5.2;94.7;96.3;96.1;96.0;95.9
1,1,10000.0,40,23.935270091131184,19.098012849245453,9.149559240998032,43.11429852084265,0.5768179036829705,5.2;95.1;96.2;95.9;95.9;95.7
1,6,1000.0,40,23.94651858131615,19.54063947407736,9.592185865829938,42.722097714029545,0.9411239481143202,5.2;94.7;96.2;96.7;96.9;96.9
2,1,1000.0,20,24.176387069798075,17.693485731361104,-7.870088151800405,46.845360824742265,0.9240616554505461,5.2;5.2;91.7;92.4;93.4;94.0
2,2,100.0,40,24.180943880938237,16.89601075750783,-8.667563125653679,46.845360824742265,0.5544369932703277,5.2;5.2;92.4;92.3;91.4;90.6
2,2,1000.0,20,24.192703396169286,17.82235171074255,-7.741222172418962,46.845360824742265,0.9240616554505461,5.2;5.2;91.7;92.3;93.6;94.7
2,1,100.0,40,24.198180012102902,16.890781413416985,-9.104586881816841,46.845360824742265,0.5544369932703277,5.2;5.2;92.5;92.3;90.6;88.7
1,2,10000.0,40,24.223799478454286,19.8600029881966,9.911549379949177,43.11429852084265,0.8932596002688613,5.2;95.1;96.9;96.9;97.2;97.2
1,6,10000.0,40,24.250906768946624,19.987001344688455,10.03854773644103,43.11429852084265,0.9548637106322311,5.2;95.1;96.8;97.2;97.5;97.5
2,6,100.0,40,24.267040749859632,17.8298222023009,-7.7337516808606095,46.845360824742265,0.9379580992210835,5.2;5.2;92.4;93.2;93.2;93.4
2,6,1000.0,20,24.314161650153697,18.47228447631852,-7.091289406842989,46.845360824742265,0.9240616554505461,5.2;5.2;91.7;93.2;94.7;96.6
2,1,10000.0,20,24.457780244460533,18.709472583295955,-6.854101299865555,46.845360824742265,0.9240616554505461,5.2;5.2;92.6;93.4;94.8;96.9
2,2,10000.0,20,24.476201214586155,18.843941431346156,-6.719632451815353,46.845360824742265,0.9240616554505461,5.2;5.2;92.5;93.7;95.0;97.2
2,6,10000.0,20,24.513089016217027,19.008292245629736,-6.555281637531775,46.845360824742265,0.9240616554505461,5.2;5.2;92.5;94.0;95.4;97.5
0,1,1000.0,20,24.82924688381427,18.360675332436852,18.360675332436852,41.591214701927385,0.9411239481143202,76.6;91.2;92.1;92.6;93.2;93.5
2,1,1000.0,40,24.953908070022397,19.460256984909584,-6.103316898251926,46.845360824742265,0.5544369932703277,5.2;5.2;95.7;95.6;95.5;95.3
2,2,1000.0,40,24.975738575423453,19.64515165097861,-5.918422232182898,46.845360824742265,0.9240616554505461,5.2;5.2;95.5;95.8;95.9;96.0
2,6,1000.0,40,25.060549558644762,19.9831913939937,-5.58038248916781,46.845360824742265,0.9240616554505461,5.2;5.2;95.5;96.2;96.6;96.9
2,6,100.0,10,25.13543499285072,20.853802480203196,-20.853802480203196,46.845360824742265,0.9240616554505461,5.2;5.2;68.5;72.4;74.1;78.5
0,1,10000.0,20,25.168417618650086,19.27954579411323,19.27954579411323,41.55759748991484,0.9411239481143202,76.6;91.8;92.6;93.7;94.2;95.9
2,1,10000.0,40,25.182540781507768,20.14567458538769,-5.417899297773817,46.845360824742265,0.9240616554505461,5.2;5.2;96.2;96.4;96.6;96.9
2,2,10000.0,40,25.19462831009147,20.242790975646173,-5.320782907515337,46.845360824742265,0.9240616554505461,5.2;5.2;96.1;96.6;96.9;97.2
2,6,10000.0,40,25.23274631266177,20.37912744658596,-5.1844464365755485,46.845360824742265,0.9240616554505461,5.2;5.2;96.1;96.8;97.2;97.5
2,2,100.0,10,25.549999323607352,21.59338114447931,-21.59338114447931,46.845360824742265,0.9240616554505461,5.2;5.2;68.5;72.2;72.9;75.6
2,1,100.0,92,25.647321807179377,20.491184819961134,-5.072389063200376,46.845360824742265,0.5544369932703277,5.2;5.2;99.0;98.5;96.8;94.0
1,1,100.0,92,25.682400739954765,20.56596444046015,10.617510832212727,46.969072164948415,0.0,5.2;99.0;99.0;97.6;97.3;94.7
0,2,1000.0,20,25.78949328040119,20.22269535335422,20.22269535335422,41.591214701927385,0.9411239481143202,76.6;92.8;94.6;95.0;95.4;96.1
2,1,100.0,10,25.819232066567096,21.907141789929778,-21.907141789929778,46.845360824742265,0.9240616554505461,5.2;5.2;69.4;72.0;71.9;73.9
2,2,100.0,92,25.82322666161199,21.215822501120556,-4.347751382040954,46.845360824742265,0.5544369932703277,5.2;5.2;99.0;98.8;98.1;96.7
0,6,1000.0,20,25.854971601272315,20.54019124458386,20.54019124458386,41.591214701927385,0.9411239481143202,76.6;92.8;94.5;95.4;96.0;97.0
0,2,10000.0,20,25.856479271946466,20.564470342148486,20.564470342148486,41.55759748991484,0.9411239481143202,76.6;92.7;94.6;95.5;95.9;97.2
0,6,10000.0,20,25.87526721716758,20.715747796204962,20.715747796204962,41.55759748991484,0.9411239481143202,76.6;92.7;94.4;95.8;96.2;97.6
2,1,1000.0,92,25.904753601030226,21.494098311668882,-4.069475571492629,46.845360824742265,0.5544369932703277,5.2;5.2;99.0;98.8;98.6;98.0
1,2,100.0,92,25.91883441273452,21.430673838338535,11.48222023009111,46.969072164948415,0.0,5.2;99.0;99.0;98.9;98.7;97.3
1,1,1000.0,92,25.940931929682158,21.509113999701146,11.560660391453723,46.969072164948415,0.0,5.2;99.0;99.0;99.0;98.4;97.9
2,2,1000.0,92,25.958459681988003,21.658449125952462,-3.9051247572090495,46.845360824742265,0.5544369932703277,5.2;5.2;99.0;99.0;98.8;98.6
2,6,100.0,92,25.96783063942651,21.686463469296257,-3.8771104138652555,46.845360824742265,0.6253053994807223,5.2;5.2;99.0;99.0;98.8;98.7
2,1,10000.0,92,25.9926147489775,21.759300761990108,-3.8042731211713985,46.845360824742265,0.7214084193623483,5.2;5.2;99.0;99.0;99.0;99.0
2,2,10000.0,92,25.99325878472375,21.7611683848797,-3.802405498281812,46.845360824742265,0.8798826901281199,5.2;5.2;99.0;99.0;99.0;99.0
2,6,10000.0,92,25.99325878472375,21.7611683848797,-3.802405498281812,46.845360824742265,0.8798826901281199,5.2;5.2;99.0;99.0;99.0;99.0
2,6,1000.0,92,25.99325878472375,21.7611683848797,-3.802405498281812,46.845360824742265,0.8798826901281199,5.2;5.2;99.0;99.0;99.0;99.0
1,2,1000.0,92,26.000287664364066,21.692141042880593,11.743687434633168,46.969072164948415,0.16129032258064516,5.2;99.0;99.0;99.0;98.9;98.5
1,6,100.0,92,26.005038015614023,21.707082025997284,11.758628417749861,46.969072164948415,0.16129032258064516,5.2;99.0;99.0;99.0;98.8;98.7
1,1,10000.0,92,26.009584009143147,21.720155386224388,11.771701777976963,46.969072164948415,0.16129032258064516,5.2;99.0;99.0;99.0;98.9;98.6
1,2,10000.0,92,26.03044026626501,21.781786941580723,11.8333333333333,46.969072164948415,0.6956083436402525,5.2;99.0;99.0;99.0;99.0;99.0
1,6,1000.0,92,26.03044026626501,21.781786941580723,11.8333333333333,46.969072164948415,0.6956083436402525,5.2;99.0;99.0;99.0;99.0;99.0
1,6,10000.0,92,26.03044026626501,21.781786941580723,11.8333333333333,46.969072164948415,0.6956083436402525,5.2;99.0;99.0;99.0;99.0;99.0
0,1,100.0,40,29.004618238075235,19.937322575825473,19.419617510832197,54.87001344688478,-0.21251185925162072,89.9;92.2;92.3;91.3;91.3;88.4
0,2,100.0,40,29.389467977281043,21.020170327207495,21.020170327207495,54.87001344688478,0.030358837035945815,89.9;93.1;93.4;92.9;93.1;92.8
0,6,100.0,40,29.49339207356309,21.660764978335553,21.660764978335553,54.87001344688478,0.9411239481143202,89.9;93.1;93.6;94.1;94.1;94.1
1,6,100.0,5,30.118469085821808,28.979829672792476,-28.979829672792476,44.280591662931435,0.9411239481143202,5.2;28.2;38.5;45.7;68.3;69.3
2,6,10000.0,5,30.76070550869232,26.27177648289258,-26.27177648289258,46.845360824742265,0.9240616554505461,5.2;5.2;42.4;49.3;84.5;84.9
2,2,10000.0,5,30.772400024428656,26.443597788734508,-26.443597788734508,46.845360824742265,0.9240616554505461,5.2;5.2;42.4;49.4;84.1;84.2
2,1,10000.0,5,30.846030295257133,26.822725235320487,-26.822725235320487,46.845360824742265,0.9240616554505461,5.2;5.2;42.4;49.4;82.9;83.0
1,1,100.0,5,31.435969188736237,30.17137307634842,-30.17137307634842,47.96727924697445,0.9411239481143202,5.2;28.2;38.7;42.0;67.0;66.9
1,2,100.0,5,31.450494094444498,30.191916928133868,-30.191916928133868,47.94486777229942,0.9411239481143202,5.2;28.2;38.7;42.1;66.9;66.9
0,1,1000.0,40,31.461609889253438,23.58068130883008,23.58068130883008,58.33258628417747,0.21251185925162072,93.3;95.5;95.7;95.5;95.5;95.0
0,1,10000.0,40,31.651535478751626,24.112953832362127,24.112953832362127,58.590318242940356,0.9411239481143202,93.6;95.5;95.9;95.9;96.2;96.6
2,6,1000.0,5,31.708945382784943,27.719184222321832,-27.719184222321832,46.845360824742265,0.9240616554505461,5.2;5.2;40.7;47.0;82.1;82.6
0,2,1000.0,40,31.755570051087915,24.25862841774985,24.25862841774985,58.33258628417747,0.5768179036829705,93.3;96.0;96.4;96.2;96.4;96.3
0,6,1000.0,40,31.898378368762256,24.80584192439859,24.80584192439859,58.33258628417747,0.9411239481143202,93.3;96.0;96.7;97.1;97.3;97.4
2,2,1000.0,5,31.943574818812678,28.189825190497533,-28.189825190497533,46.845360824742265,0.9240616554505461,5.2;5.2;40.7;46.3;81.2;81.2
0,2,10000.0,40,31.958470322264095,24.66390258479004,24.66390258479004,58.590318242940356,0.9411239481143202,93.6;96.1;96.6;96.6;96.9;97.2
2,1,1000.0,5,32.03674510433897,28.56148214552518,-28.56148214552518,46.845360824742265,0.9240616554505461,5.2;5.2;40.8;46.4;80.0;80.1
0,6,10000.0,40,32.05642340797547,24.996339459136376,24.996339459136376,58.590318242940356,0.9411239481143202,93.6;96.1;96.8;97.2;97.5;97.7
0,1,100.0,92,34.63370750663558,26.748169729568172,26.748169729568172,63.94666069027339,-0.870967741935484,98.9;98.9;98.9;98.6;98.6;95.4
0,2,100.0,92,34.75905637149633,27.3233975795607,27.3233975795607,63.94666069027339,-0.739249324360437,98.9;99.0;99.0;98.9;98.9;98.3
0,1,1000.0,92,34.760378849778746,27.353279545794084,27.353279545794084,63.94666069027339,-0.4173650061841515,98.9;98.9;98.9;98.9;98.9;98.4
0,1,10000.0,92,34.783653005116236,27.446660690273394,27.446660690273394,63.94666069027339,,98.9;98.9;98.9;98.9;98.9;98.9
0,2,1000.0,92,34.786376381301835,27.433587330046283,27.433587330046283,63.94666069027339,0.07184212081070995,98.9;99.0;99.0;99.0;99.0;98.8
0,6,100.0,92,34.79016588362479,27.44852831316297,27.44852831316297,63.94666069027339,0.07184212081070995,98.9;99.0;99.0;99.0;99.0;98.9
0,2,10000.0,92,34.79447459346441,27.465336919169246,27.465336919169246,63.94666069027339,0.6956083436402525,98.9;99.0;99.0;99.0;99.0;99.0
0,6,10000.0,92,34.79447459346441,27.465336919169246,27.465336919169246,63.94666069027339,0.6956083436402525,98.9;99.0;99.0;99.0;99.0;99.0
0,6,1000.0,92,34.79447459346441,27.465336919169246,27.465336919169246,63.94666069027339,0.6956083436402525,98.9;99.0;99.0;99.0;99.0;99.0
2,6,100.0,5,36.5374759034738,34.806813088301205,-34.806813088301205,49.25593904078891,0.9240616554505461,5.2;5.2;32.6;40.7;67.7;68.8
2,2,100.0,5,37.186907733208734,35.44554011653966,-35.44554011653966,51.35141192290452,0.9240616554505461,5.2;5.2;32.6;38.6;67.4;67.4
2,1,100.0,5,37.624886505509046,35.85641715224862,-35.85641715224862,52.84177498879427,0.9240616554505461,5.2;5.2;32.7;37.2;66.9;66.8
