row,y,split
0,1,test
1,1,train
2,1,test
3,1,train
4,1,test
5,1,calib
6,1,train
7,1,calib
8,1,train
9,1,calib
10,1,train
11,1,train
12,1,test
13,1,train
14,1,train
15,1,test
16,1,test
17,1,train
18,1,calib
19,1,calib
20,1,calib
21,1,train
22,1,train
23,1,train
24,1,calib
25,1,calib
26,1,test
27,1,test
28,1,train
29,1,train
30,1,train
31,1,train
32,1,train
33,1,train
34,1,train
35,1,test
36,1,train
37,1,test
38,1,train
39,1,train
40,1,train
41,1,train
42,1,train
43,1,train
44,1,train
45,1,test
46,1,train
47,1,calib
48,1,train
49,1,train
50,1,train
51,1,train
52,1,test
53,1,train
54,1,test
55,1,train
56,1,test
57,1,train
58,1,train
59,1,train
60,1,train
61,1,train
62,1,test
63,1,train
64,1,train
65,1,calib
66,1,train
67,1,train
68,1,train
69,1,train
70,1,train
71,1,train
72,1,train
73,1,train
74,1,train
75,1,train
76,1,train
77,1,train
78,1,calib
79,1,train
80,1,train
81,1,train
82,1,test
83,1,test
84,1,train
85,1,train
86,1,test
87,1,train
88,1,calib
89,1,train
90,1,test
91,1,train
92,1,test
93,1,test
94,1,test
95,1,train
96,1,calib
97,1,test
98,1,train
99,1,calib
100,1,calib
101,1,train
102,1,train
103,1,train
104,1,train
105,1,train
106,1,test
107,1,train
108,1,calib
109,1,test
110,1,train
111,1,calib
112,1,train
113,1,train
114,1,calib
115,1,test
116,1,test
117,1,train
118,1,train
119,1,train
120,1,calib
121,1,test
122,1,train
123,1,train
124,1,train
125,1,train
126,1,train
127,1,train
128,1,calib
129,1,train
130,1,train
131,1,train
132,1,train
133,1,test
134,1,test
135,1,train
136,1,calib
137,1,train
138,1,test
139,1,calib
140,1,train
141,1,calib
142,1,train
143,1,test
144,1,test
145,1,calib
146,1,train
147,1,train
148,1,train
149,1,train
150,1,test
151,1,train
152,1,train
153,1,train
154,1,train
155,1,calib
156,1,test
157,1,test
158,1,train
159,1,train
160,1,calib
161,1,calib
162,1,train
163,1,train
164,1,train
165,1,calib
166,1,train
167,1,calib
168,1,train
169,1,calib
170,1,train
171,1,train
172,1,calib
173,1,train
174,1,test
175,1,train
176,1,test
177,1,train
178,1,test
179,1,train
180,1,train
181,1,train
182,1,train
183,1,calib
184,1,train
185,1,calib
186,1,train
187,1,calib
188,1,calib
189,1,calib
190,1,test
191,1,train
192,1,train
193,1,train
194,1,test
195,1,train
196,1,train
197,1,calib
198,1,train
199,1,test
200,1,calib
201,1,train
202,1,train
203,1,calib
204,1,calib
205,1,train
206,1,train
207,1,test
208,1,train
209,1,train
210,1,test
211,1,train
212,1,train
213,1,train
214,1,train
215,1,train
216,1,train
217,1,train
218,1,calib
219,1,train
220,1,train
221,1,train
222,1,test
223,1,train
224,1,train
225,1,train
226,1,train
227,1,train
228,1,calib
229,1,test
230,1,calib
231,1,train
232,1,train
233,1,train
234,1,train
235,1,test
236,1,train
237,1,train
238,1,train
239,1,calib
240,1,train
241,1,train
242,1,train
243,1,train
244,1,train
245,1,train
246,1,calib
247,1,train
248,1,test
249,1,calib
250,1,calib
251,1,train
252,1,calib
253,1,train
254,1,train
255,1,test
256,1,train
257,1,test
258,1,train
259,1,train
260,1,train
261,1,train
262,1,train
263,1,train
264,1,train
265,1,train
266,1,train
267,1,test
268,1,test
269,1,test
270,1,train
271,1,train
272,1,test
273,1,train
274,1,calib
275,1,train
276,1,train
277,1,calib
278,1,train
279,1,calib
280,1,train
281,1,train
282,1,test
283,1,train
284,1,train
285,1,calib
286,1,calib
287,1,test
288,1,train
289,1,calib
290,1,calib
291,1,train
292,1,calib
293,1,calib
294,1,train
295,1,calib
296,1,test
297,1,calib
298,1,train
299,1,train
300,1,train
301,1,train
302,1,train
303,1,train
304,1,train
305,1,train
306,1,test
307,1,test
308,1,train
309,1,train
310,1,train
311,1,train
312,1,test
313,1,train
314,1,train
315,1,train
316,1,train
317,1,calib
318,1,test
319,1,train
320,1,train
321,1,test
322,1,test
323,1,train
324,1,train
325,1,train
326,1,train
327,1,train
328,1,calib
329,1,test
330,1,train
331,1,train
332,1,test
333,1,train
334,1,test
335,1,test
336,1,train
337,1,calib
338,1,test
339,1,test
340,1,train
341,1,calib
342,1,train
343,1,train
344,1,calib
345,1,test
346,1,train
347,1,test
348,1,train
349,1,train
350,1,train
351,1,train
352,1,train
353,1,train
354,1,test
355,1,test
356,1,train
357,1,calib
358,1,train
359,1,train
360,1,train
361,1,train
362,1,test
363,1,train
364,1,train
365,1,train
366,1,test
367,1,train
368,1,train
369,1,train
370,1,train
371,1,train
372,1,train
373,1,train
374,1,train
375,1,test
376,1,train
377,1,calib
378,1,train
379,1,calib
380,1,train
381,1,test
382,1,train
383,1,train
384,1,test
385,1,calib
386,1,train
387,1,test
388,1,train
389,1,calib
390,1,train
391,1,train
392,1,calib
393,1,train
394,1,train
395,1,test
396,1,train
397,1,train
398,1,train
399,1,test
400,1,train
401,1,calib
402,1,test
403,1,train
404,1,test
405,1,train
406,1,train
407,1,test
408,1,train
409,1,test
410,1,train
411,1,test
412,1,test
413,1,train
414,1,train
415,1,train
416,1,train
417,1,train
418,1,train
419,1,train
420,1,train
421,1,test
422,1,train
423,1,train
424,1,train
425,1,train
426,1,train
427,1,calib
428,1,train
429,1,train
430,1,train
431,1,train
432,1,train
433,1,calib
434,1,calib
435,1,calib
436,1,train
437,1,test
438,1,train
439,1,train
440,1,train
441,1,train
442,1,train
443,1,test
444,1,train
445,1,train
446,1,calib
447,1,train
448,1,train
449,1,train
450,1,train
451,1,train
452,1,train
453,1,train
454,1,test
455,1,train
456,1,train
457,1,test
458,1,test
459,1,calib
460,1,train
461,1,train
462,1,test
463,1,test
464,1,train
465,1,calib
466,1,test
467,1,train
468,1,calib
469,1,test
470,1,train
471,1,train
472,1,test
473,1,test
474,1,calib
475,1,calib
476,1,calib
477,1,test
478,1,train
479,1,train
480,1,train
481,1,train
482,1,train
483,1,test
484,1,test
485,1,calib
486,1,train
487,1,train
488,1,calib
489,1,test
490,1,train
491,1,calib
492,1,test
493,1,calib
494,1,calib
495,1,test
496,1,train
497,1,test
498,1,train
499,1,calib
500,1,test
501,1,train
502,1,train
503,1,train
504,1,train
505,1,train
506,1,train
507,1,train
508,1,train
509,1,train
510,1,train
511,1,test
512,1,train
513,1,test
514,1,calib
515,1,train
516,1,train
517,1,calib
518,1,train
519,1,train
520,1,test
521,1,train
522,1,train
523,1,calib
524,1,test
525,1,train
526,1,calib
527,1,train
528,1,test
529,1,train
530,1,train
531,1,calib
532,1,train
533,1,train
534,1,calib
535,1,train
536,1,train
537,1,train
538,1,train
539,1,calib
540,1,calib
541,1,train
542,1,train
543,1,calib
544,1,test
545,1,calib
546,1,train
547,1,train
548,1,calib
549,1,calib
550,1,test
551,1,train
552,1,test
553,1,train
554,1,train
555,1,test
556,1,test
557,1,test
558,1,calib
559,1,train
560,1,test
561,1,test
562,1,train
563,1,calib
564,1,test
565,1,train
566,1,calib
567,1,calib
568,1,calib
569,1,train
570,1,train
571,1,calib
572,1,calib
573,1,train
574,1,calib
575,1,calib
576,1,test
577,1,test
578,1,test
579,1,train
580,1,train
581,1,train
582,1,test
583,1,calib
584,1,test
585,1,train
586,1,train
587,1,train
588,1,test
589,1,train
590,1,train
591,1,train
592,1,train
593,1,test
594,1,test
595,1,calib
596,1,train
597,1,calib
598,1,calib
599,1,train
600,1,test
601,1,train
602,1,test
603,1,train
604,1,calib
605,1,train
606,1,test
607,1,train
608,1,calib
609,1,train
610,1,test
611,1,train
612,1,calib
613,1,test
614,1,calib
615,1,train
616,1,train
617,1,test
618,1,test
619,1,train
620,1,calib
621,1,train
622,1,train
623,1,train
624,1,train
625,1,train
626,1,train
627,1,train
628,1,train
629,1,train
630,1,calib
631,1,train
632,1,calib
633,1,test
634,1,test
635,1,train
636,1,train
637,1,train
638,1,train
639,1,train
640,1,train
641,1,test
642,1,calib
643,1,calib
644,1,train
645,1,calib
646,1,train
647,1,train
648,1,train
649,1,train
650,1,calib
651,1,calib
652,1,test
653,1,test
654,1,train
655,1,calib
656,1,calib
657,1,train
658,1,test
659,1,train
660,1,train
661,1,test
662,1,train
663,1,train
664,1,calib
665,1,calib
666,1,train
667,1,train
668,1,train
669,1,train
670,1,calib
671,1,test
672,1,train
673,1,train
674,1,train
675,1,train
676,1,calib
677,1,calib
678,1,train
679,1,train
680,1,calib
681,1,train
682,1,train
683,1,test
684,1,train
685,1,train
686,1,test
687,1,calib
688,1,test
689,1,test
690,1,train
691,1,train
692,1,train
693,1,train
694,1,train
695,1,test
696,1,train
697,1,train
698,1,train
699,1,test
700,1,train
701,1,train
702,1,train
703,1,test
704,1,train
705,1,train
706,1,calib
707,1,calib
708,1,train
709,1,train
710,1,test
711,1,train
712,1,train
713,1,calib
714,1,train
715,1,train
716,1,train
717,1,calib
718,1,calib
719,1,train
720,1,train
721,1,train
722,1,train
723,1,train
724,1,train
725,1,calib
726,1,train
727,1,train
728,1,calib
729,1,train
730,1,train
731,1,train
732,1,train
733,1,train
734,1,train
735,1,train
736,1,test
737,1,train
738,1,calib
739,1,calib
740,1,train
741,1,train
742,1,test
743,1,test
744,1,train
745,1,train
746,1,train
747,1,train
748,1,calib
749,1,train
750,1,train
751,1,calib
752,1,train
753,1,calib
754,1,calib
755,1,train
756,1,train
757,1,calib
758,1,train
759,1,train
760,1,calib
761,1,train
762,1,train
763,1,train
764,1,train
765,1,train
766,1,test
767,1,calib
768,1,calib
769,1,train
770,1,calib
771,1,train
772,1,test
773,1,train
774,1,train
775,1,train
776,1,calib
777,1,calib
778,1,train
779,1,train
780,1,train
781,1,train
782,1,train
783,1,calib
784,1,train
785,1,train
786,1,test
787,1,test
788,1,test
789,1,train
790,1,train
791,1,calib
792,1,calib
793,1,calib
794,1,train
795,1,train
796,1,train
797,1,train
798,1,calib
799,1,calib
800,0,test
801,0,test
802,0,train
803,0,test
804,0,calib
805,0,train
806,0,train
807,0,train
808,0,calib
809,0,train
810,0,calib
811,0,train
812,0,train
813,0,test
814,0,test
815,0,calib
816,0,calib
817,0,train
818,0,train
819,0,test
820,0,train
821,0,test
822,0,calib
823,0,train
824,0,train
825,0,train
826,0,train
827,0,train
828,0,calib
829,0,train
830,0,train
831,0,train
832,0,train
833,0,train
834,0,train
835,0,train
836,0,train
837,0,test
838,0,test
839,0,train
840,0,train
841,0,test
842,0,calib
843,0,calib
844,0,train
845,0,train
846,0,train
847,0,train
848,0,train
849,0,train
850,0,test
851,0,train
852,0,train
853,0,train
854,0,train
855,0,calib
856,0,train
857,0,train
858,0,test
859,0,train
860,0,train
861,0,train
862,0,train
863,0,test
864,0,train
865,0,train
866,0,test
867,0,train
868,0,train
869,0,train
870,0,test
871,0,test
872,0,train
873,0,calib
874,0,calib
875,0,train
876,0,calib
877,0,train
878,0,train
879,0,calib
880,0,test
881,0,train
882,0,train
883,0,test
884,0,train
885,0,test
886,0,test
887,0,calib
888,0,train
889,0,train
890,0,train
891,0,train
892,0,train
893,0,train
894,0,test
895,0,test
896,0,calib
897,0,calib
898,0,train
899,0,train
900,0,train
901,0,test
902,0,test
903,0,test
904,0,test
905,0,train
906,0,train
907,0,train
908,0,test
909,0,calib
910,0,train
911,0,train
912,0,calib
913,0,test
914,0,train
915,0,train
916,0,calib
917,0,train
918,0,calib
919,0,train
920,0,train
921,0,train
922,0,train
923,0,test
924,0,train
925,0,test
926,0,test
927,0,train
928,0,train
929,0,train
930,0,train
931,0,train
932,0,calib
933,0,calib
934,0,calib
935,0,test
936,0,train
937,0,train
938,0,train
939,0,train
940,0,train
941,0,train
942,0,train
943,0,calib
944,0,train
945,0,train
946,0,test
947,0,test
948,0,train
949,0,calib
950,0,test
951,0,calib
952,0,train
953,0,test
954,0,calib
955,0,test
956,0,train
957,0,train
958,0,calib
959,0,calib
960,0,test
961,0,test
962,0,train
963,0,train
964,0,train
965,0,calib
966,0,train
967,0,train
968,0,train
969,0,calib
970,0,calib
971,0,train
972,0,train
973,0,calib
974,0,train
975,0,train
976,0,test
977,0,calib
978,0,train
979,0,calib
980,0,calib
981,0,train
982,0,train
983,0,train
984,0,train
985,0,train
986,0,train
987,0,calib
988,0,calib
989,0,train
990,0,train
991,0,train
992,0,train
993,0,train
994,0,test
995,0,train
996,0,train
997,0,test
998,0,calib
999,0,train
1000,0,test
1001,0,train
1002,0,calib
1003,0,calib
1004,0,test
1005,0,train
1006,0,train
1007,0,train
1008,0,train
1009,0,train
1010,0,train
1011,0,train
1012,0,calib
1013,0,train
1014,0,train
1015,0,calib
1016,0,train
1017,0,calib
1018,0,train
1019,0,train
1020,0,train
1021,0,train
1022,0,train
1023,0,train
1024,0,train
1025,0,train
1026,0,test
1027,0,test
1028,0,train
1029,0,test
1030,0,train
1031,0,calib
1032,0,calib
1033,0,train
1034,0,calib
1035,0,calib
1036,0,calib
1037,0,calib
1038,0,train
1039,0,train
1040,0,calib
1041,0,train
1042,0,test
1043,0,train
1044,0,train
1045,0,train
1046,0,calib
1047,0,train
1048,0,train
1049,0,calib
1050,0,train
1051,0,train
1052,0,train
1053,0,train
1054,0,train
1055,0,train
1056,0,train
1057,0,train
1058,0,train
1059,0,test
1060,0,train
1061,0,train
1062,0,test
1063,0,train
1064,0,calib
1065,0,calib
1066,0,train
1067,0,train
1068,0,train
1069,0,train
1070,0,train
1071,0,train
1072,0,train
1073,0,train
1074,0,calib
1075,0,calib
1076,0,train
1077,0,test
1078,0,test
1079,0,train
1080,0,train
1081,0,test
1082,0,train
1083,0,train
1084,0,calib
1085,0,train
1086,0,test
1087,0,train
1088,0,train
1089,0,train
1090,0,train
1091,0,calib
1092,0,test
1093,0,train
1094,0,train
1095,0,train
1096,0,train
1097,0,train
1098,0,train
1099,0,train
1100,0,test
1101,0,train
1102,0,calib
1103,0,train
1104,0,train
1105,0,test
1106,0,calib
1107,0,train
1108,0,train
1109,0,train
1110,0,train
1111,0,calib
1112,0,train
1113,0,train
1114,0,train
1115,0,test
1116,0,calib
1117,0,train
1118,0,train
1119,0,train
1120,0,train
1121,0,test
1122,0,test
1123,0,train
1124,0,calib
1125,0,test
1126,0,train
1127,0,train
1128,0,train
1129,0,train
1130,0,calib
1131,0,train
1132,0,calib
1133,0,train
1134,0,train
1135,0,train
1136,0,train
1137,0,train
1138,0,train
1139,0,train
1140,0,train
1141,0,train
1142,0,train
1143,0,train
1144,0,test
1145,0,calib
1146,0,test
1147,0,train
1148,0,test
1149,0,calib
1150,0,train
1151,0,train
1152,0,train
1153,0,train
1154,0,train
1155,0,test
1156,0,calib
1157,0,train
1158,0,calib
1159,0,train
1160,0,test
1161,0,train
1162,0,train
1163,0,test
1164,0,calib
1165,0,train
1166,0,train
1167,0,train
1168,0,train
1169,0,train
1170,0,train
1171,0,train
1172,0,train
1173,0,calib
1174,0,calib
1175,0,train
1176,0,calib
1177,0,train
1178,0,train
1179,0,train
1180,0,train
1181,0,train
1182,0,train
1183,0,train
1184,0,test
1185,0,calib
1186,0,test
1187,0,test
1188,0,calib
1189,0,test
1190,0,train
1191,0,train
1192,0,train
1193,0,train
1194,0,test
1195,0,test
1196,0,train
1197,0,test
1198,0,train
1199,0,test
1200,0,test
1201,0,train
1202,0,test
1203,0,train
1204,0,test
1205,0,test
1206,0,train
1207,0,calib
1208,0,test
1209,0,calib
1210,0,test
1211,0,calib
1212,0,calib
1213,0,train
1214,0,train
1215,0,calib
1216,0,train
1217,0,test
1218,0,calib
1219,0,calib
1220,0,train
1221,0,train
1222,0,train
1223,0,train
1224,0,train
1225,0,train
1226,0,calib
1227,0,calib
1228,0,calib
1229,0,train
1230,0,test
1231,0,test
1232,0,test
1233,0,test
1234,0,train
1235,0,calib
1236,0,train
1237,0,train
1238,0,calib
1239,0,train
1240,0,train
1241,0,test
1242,0,train
1243,0,train
1244,0,train
1245,0,calib
1246,0,test
1247,0,train
1248,0,train
1249,0,train
1250,0,calib
1251,0,train
1252,0,train
1253,0,calib
1254,0,train
1255,0,test
1256,0,train
1257,0,calib
1258,0,test
1259,0,train
1260,0,train
1261,0,calib
1262,0,train
1263,0,train
1264,0,train
1265,0,calib
1266,0,train
1267,0,train
1268,0,test
1269,0,test
1270,0,train
1271,0,test
1272,0,train
1273,0,calib
1274,0,train
1275,0,calib
1276,0,train
1277,0,test
1278,0,train
1279,0,train
1280,0,test
1281,0,train
1282,0,train
1283,0,calib
1284,0,train
1285,0,train
1286,0,train
1287,0,calib
1288,0,calib
1289,0,train
1290,0,train
1291,0,train
1292,0,train
1293,0,calib
1294,0,train
1295,0,train
1296,0,calib
1297,0,train
1298,0,train
1299,0,train
1300,0,train
1301,0,calib
1302,0,test
1303,0,calib
1304,0,train
1305,0,test
1306,0,train
1307,0,test
1308,0,train
1309,0,train
1310,0,train
1311,0,test
1312,0,train
1313,0,calib
1314,0,train
1315,0,train
1316,0,test
1317,0,calib
1318,0,test
1319,0,train
1320,0,train
1321,0,calib
1322,0,train
1323,0,test
1324,0,train
1325,0,train
1326,0,train
1327,0,train
1328,0,train
1329,0,test
1330,0,train
1331,0,calib
1332,0,train
1333,0,test
1334,0,test
1335,0,train
1336,0,train
1337,0,test
1338,0,calib
1339,0,test
1340,0,train
1341,0,train
1342,0,test
1343,0,calib
1344,0,train
1345,0,train
1346,0,train
1347,0,train
1348,0,train
1349,0,calib
1350,0,train
1351,0,train
1352,0,train
1353,0,train
1354,0,train
1355,0,calib
1356,0,train
1357,0,train
1358,0,train
1359,0,train
1360,0,train
1361,0,train
1362,0,train
1363,0,train
1364,0,train
1365,0,test
1366,0,train
1367,0,train
1368,0,train
1369,0,train
1370,0,test
1371,0,train
1372,0,calib
1373,0,train
1374,0,train
1375,0,train
1376,0,train
1377,0,calib
1378,0,train
1379,0,train
1380,0,test
1381,0,train
1382,0,train
1383,0,test
1384,0,train
1385,0,train
1386,0,calib
1387,0,train
1388,0,train
1389,0,train
1390,0,test
1391,0,test
1392,0,train
1393,0,train
1394,0,train
1395,0,calib
1396,0,train
1397,0,train
1398,0,train
1399,0,train
1400,0,calib
1401,0,test
1402,0,train
1403,0,train
1404,0,test
1405,0,calib
1406,0,train
1407,0,train
1408,0,calib
1409,0,train
1410,0,calib
1411,0,train
1412,0,train
1413,0,train
1414,0,train
1415,0,train
1416,0,train
1417,0,calib
1418,0,train
1419,0,calib
1420,0,train
1421,0,test
1422,0,test
1423,0,train
1424,0,train
1425,0,train
1426,0,train
1427,0,train
1428,0,test
1429,0,train
1430,0,train
1431,0,test
1432,0,test
1433,0,calib
1434,0,calib
1435,0,calib
1436,0,train
1437,0,train
1438,0,train
1439,0,calib
1440,0,train
1441,0,calib
1442,0,calib
1443,0,train
1444,0,train
1445,0,test
1446,0,train
1447,0,train
1448,0,train
1449,0,train
1450,0,calib
1451,0,calib
1452,0,train
1453,0,train
1454,0,train
1455,0,train
1456,0,test
1457,0,train
1458,0,train
1459,0,train
1460,0,train
1461,0,train
1462,0,test
1463,0,test
1464,0,train
1465,0,train
1466,0,train
1467,0,calib
1468,0,train
1469,0,test
1470,0,test
1471,0,train
1472,0,test
1473,0,calib
1474,0,train
1475,0,train
1476,0,calib
1477,0,calib
1478,0,train
1479,0,train
1480,0,calib
1481,0,train
1482,0,test
1483,0,train
1484,0,train
1485,0,test
1486,0,test
1487,0,train
1488,0,train
1489,0,train
1490,0,train
1491,0,test
1492,0,train
1493,0,calib
1494,0,train
1495,0,calib
1496,0,test
1497,0,train
1498,0,train
1499,0,test
1500,0,test
1501,0,train
1502,0,calib
1503,0,calib
1504,0,train
1505,0,calib
1506,0,test
1507,0,train
1508,0,test
1509,0,train
1510,0,train
1511,0,train
1512,0,train
1513,0,train
1514,0,test
1515,0,train
1516,0,train
1517,0,train
1518,0,test
1519,0,train
1520,0,calib
1521,0,test
1522,0,train
1523,0,calib
1524,0,train
1525,0,train
1526,0,train
1527,0,calib
1528,0,test
1529,0,test
1530,0,calib
1531,0,test
1532,0,train
1533,0,test
1534,0,train
1535,0,train
1536,0,train
1537,0,calib
1538,0,calib
1539,0,train
1540,0,test
1541,0,test
1542,0,calib
1543,0,train
1544,0,test
1545,0,train
1546,0,calib
1547,0,train
1548,0,test
1549,0,train
1550,0,calib
1551,0,train
1552,0,calib
1553,0,train
1554,0,calib
1555,0,calib
1556,0,train
1557,0,train
1558,0,calib
1559,0,test
1560,0,calib
1561,0,test
1562,0,test
1563,0,test
1564,0,train
1565,0,calib
1566,0,test
1567,0,calib
1568,0,train
1569,0,train
1570,0,train
1571,0,calib
1572,0,test
1573,0,test
1574,0,train
1575,0,test
1576,0,train
1577,0,train
1578,0,train
1579,0,train
1580,0,train
1581,0,train
1582,0,train
1583,0,train
1584,0,test
1585,0,train
1586,0,train
1587,0,train
1588,0,calib
1589,0,train
1590,0,test
1591,0,train
1592,0,train
1593,0,train
1594,0,calib
1595,0,test
1596,0,train
1597,0,calib
1598,0,train
1599,0,test
