condition,target,true,pred,n
baseline,valve,73,73,85
baseline,valve,73,80,5
baseline,valve,73,90,0
baseline,valve,73,100,0
baseline,valve,80,73,7
baseline,valve,80,80,72
baseline,valve,80,90,11
baseline,valve,80,100,0
baseline,valve,90,73,2
baseline,valve,90,80,24
baseline,valve,90,90,29
baseline,valve,90,100,35
baseline,valve,100,73,2
baseline,valve,100,80,12
baseline,valve,100,90,27
baseline,valve,100,100,49
baseline,pump,0,0,119
baseline,pump,0,1,0
baseline,pump,0,2,1
baseline,pump,1,0,0
baseline,pump,1,1,120
baseline,pump,1,2,0
baseline,pump,2,0,0
baseline,pump,2,1,0
baseline,pump,2,2,120
drop_PS1,valve,73,73,85
drop_PS1,valve,73,80,5
drop_PS1,valve,73,90,0
drop_PS1,valve,73,100,0
drop_PS1,valve,80,73,11
drop_PS1,valve,80,80,66
drop_PS1,valve,80,90,13
drop_PS1,valve,80,100,0
drop_PS1,valve,90,73,3
drop_PS1,valve,90,80,33
drop_PS1,valve,90,90,21
drop_PS1,valve,90,100,33
drop_PS1,valve,100,73,1
drop_PS1,valve,100,80,16
drop_PS1,valve,100,90,30
drop_PS1,valve,100,100,43
drop_PS1,pump,0,0,119
drop_PS1,pump,0,1,0
drop_PS1,pump,0,2,1
drop_PS1,pump,1,0,0
drop_PS1,pump,1,1,119
drop_PS1,pump,1,2,1
drop_PS1,pump,2,0,0
drop_PS1,pump,2,1,0
drop_PS1,pump,2,2,120
drop_PS2,valve,73,73,77
drop_PS2,valve,73,80,12
drop_PS2,valve,73,90,0
drop_PS2,valve,73,100,1
drop_PS2,valve,80,73,19
drop_PS2,valve,80,80,55
drop_PS2,valve,80,90,16
drop_PS2,valve,80,100,0
drop_PS2,valve,90,73,2
drop_PS2,valve,90,80,36
drop_PS2,valve,90,90,5
drop_PS2,valve,90,100,47
drop_PS2,valve,100,73,2
drop_PS2,valve,100,80,15
drop_PS2,valve,100,90,36
drop_PS2,valve,100,100,37
drop_PS2,pump,0,0,119
drop_PS2,pump,0,1,0
drop_PS2,pump,0,2,1
drop_PS2,pump,1,0,0
drop_PS2,pump,1,1,118
drop_PS2,pump,1,2,2
drop_PS2,pump,2,0,0
drop_PS2,pump,2,1,0
drop_PS2,pump,2,2,120
drop_PS3,valve,73,73,82
drop_PS3,valve,73,80,8
drop_PS3,valve,73,90,0
drop_PS3,valve,73,100,0
drop_PS3,valve,80,73,6
drop_PS3,valve,80,80,73
drop_PS3,valve,80,90,11
drop_PS3,valve,80,100,0
drop_PS3,valve,90,73,3
drop_PS3,valve,90,80,23
drop_PS3,valve,90,90,31
drop_PS3,valve,90,100,33
drop_PS3,valve,100,73,1
drop_PS3,valve,100,80,15
drop_PS3,valve,100,90,23
drop_PS3,valve,100,100,51
drop_PS3,pump,0,0,119
drop_PS3,pump,0,1,0
drop_PS3,pump,0,2,1
drop_PS3,pump,1,0,0
drop_PS3,pump,1,1,119
drop_PS3,pump,1,2,1
drop_PS3,pump,2,0,0
drop_PS3,pump,2,1,0
drop_PS3,pump,2,2,120
drop_PS4,valve,73,73,85
drop_PS4,valve,73,80,5
drop_PS4,valve,73,90,0
drop_PS4,valve,73,100,0
drop_PS4,valve,80,73,11
drop_PS4,valve,80,80,68
drop_PS4,valve,80,90,11
drop_PS4,valve,80,100,0
drop_PS4,valve,90,73,3
drop_PS4,valve,90,80,22
drop_PS4,valve,90,90,33
drop_PS4,valve,90,100,32
drop_PS4,valve,100,73,2
drop_PS4,valve,100,80,11
drop_PS4,valve,100,90,26
drop_PS4,valve,100,100,51
drop_PS4,pump,0,0,119
drop_PS4,pump,0,1,1
drop_PS4,pump,0,2,0
drop_PS4,pump,1,0,0
drop_PS4,pump,1,1,120
drop_PS4,pump,1,2,0
drop_PS4,pump,2,0,0
drop_PS4,pump,2,1,0
drop_PS4,pump,2,2,120
drop_PS5,valve,73,73,84
drop_PS5,valve,73,80,6
drop_PS5,valve,73,90,0
drop_PS5,valve,73,100,0
drop_PS5,valve,80,73,8
drop_PS5,valve,80,80,71
drop_PS5,valve,80,90,11
drop_PS5,valve,80,100,0
drop_PS5,valve,90,73,2
drop_PS5,valve,90,80,22
drop_PS5,valve,90,90,33
drop_PS5,valve,90,100,33
drop_PS5,valve,100,73,2
drop_PS5,valve,100,80,12
drop_PS5,valve,100,90,27
drop_PS5,valve,100,100,49
drop_PS5,pump,0,0,119
drop_PS5,pump,0,1,1
drop_PS5,pump,0,2,0
drop_PS5,pump,1,0,0
drop_PS5,pump,1,1,119
drop_PS5,pump,1,2,1
drop_PS5,pump,2,0,0
drop_PS5,pump,2,1,0
drop_PS5,pump,2,2,120
drop_PS6,valve,73,73,85
drop_PS6,valve,73,80,5
drop_PS6,valve,73,90,0
drop_PS6,valve,73,100,0
drop_PS6,valve,80,73,9
drop_PS6,valve,80,80,69
drop_PS6,valve,80,90,12
drop_PS6,valve,80,100,0
drop_PS6,valve,90,73,3
drop_PS6,valve,90,80,21
drop_PS6,valve,90,90,31
drop_PS6,valve,90,100,35
drop_PS6,valve,100,73,2
drop_PS6,valve,100,80,13
drop_PS6,valve,100,90,24
drop_PS6,valve,100,100,51
drop_PS6,pump,0,0,119
drop_PS6,pump,0,1,0
drop_PS6,pump,0,2,1
drop_PS6,pump,1,0,0
drop_PS6,pump,1,1,119
drop_PS6,pump,1,2,1
drop_PS6,pump,2,0,0
drop_PS6,pump,2,1,0
drop_PS6,pump,2,2,120
drop_EPS1,valve,73,73,85
drop_EPS1,valve,73,80,5
drop_EPS1,valve,73,90,0
drop_EPS1,valve,73,100,0
drop_EPS1,valve,80,73,12
drop_EPS1,valve,80,80,66
drop_EPS1,valve,80,90,12
drop_EPS1,valve,80,100,0
drop_EPS1,valve,90,73,3
drop_EPS1,valve,90,80,21
drop_EPS1,valve,90,90,33
drop_EPS1,valve,90,100,33
drop_EPS1,valve,100,73,1
drop_EPS1,valve,100,80,15
drop_EPS1,valve,100,90,28
drop_EPS1,valve,100,100,46
drop_EPS1,pump,0,0,119
drop_EPS1,pump,0,1,0
drop_EPS1,pump,0,2,1
drop_EPS1,pump,1,0,0
drop_EPS1,pump,1,1,119
drop_EPS1,pump,1,2,1
drop_EPS1,pump,2,0,0
drop_EPS1,pump,2,1,0
drop_EPS1,pump,2,2,120
drop_FS1,valve,73,73,81
drop_FS1,valve,73,80,9
drop_FS1,valve,73,90,0
drop_FS1,valve,73,100,0
drop_FS1,valve,80,73,12
drop_FS1,valve,80,80,66
drop_FS1,valve,80,90,12
drop_FS1,valve,80,100,0
drop_FS1,valve,90,73,3
drop_FS1,valve,90,80,22
drop_FS1,valve,90,90,27
drop_FS1,valve,90,100,38
drop_FS1,valve,100,73,2
drop_FS1,valve,100,80,17
drop_FS1,valve,100,90,27
drop_FS1,valve,100,100,44
drop_FS1,pump,0,0,119
drop_FS1,pump,0,1,0
drop_FS1,pump,0,2,1
drop_FS1,pump,1,0,0
drop_FS1,pump,1,1,120
drop_FS1,pump,1,2,0
drop_FS1,pump,2,0,0
drop_FS1,pump,2,1,0
drop_FS1,pump,2,2,120
drop_FS2,valve,73,73,82
drop_FS2,valve,73,80,8
drop_FS2,valve,73,90,0
drop_FS2,valve,73,100,0
drop_FS2,valve,80,73,8
drop_FS2,valve,80,80,71
drop_FS2,valve,80,90,11
drop_FS2,valve,80,100,0
drop_FS2,valve,90,73,3
drop_FS2,valve,90,80,21
drop_FS2,valve,90,90,31
drop_FS2,valve,90,100,35
drop_FS2,valve,100,73,2
drop_FS2,valve,100,80,12
drop_FS2,valve,100,90,27
drop_FS2,valve,100,100,49
drop_FS2,pump,0,0,119
drop_FS2,pump,0,1,1
drop_FS2,pump,0,2,0
drop_FS2,pump,1,0,0
drop_FS2,pump,1,1,120
drop_FS2,pump,1,2,0
drop_FS2,pump,2,0,0
drop_FS2,pump,2,1,0
drop_FS2,pump,2,2,120
drop_TS1,valve,73,73,84
drop_TS1,valve,73,80,6
drop_TS1,valve,73,90,0
drop_TS1,valve,73,100,0
drop_TS1,valve,80,73,6
drop_TS1,valve,80,80,73
drop_TS1,valve,80,90,11
drop_TS1,valve,80,100,0
drop_TS1,valve,90,73,3
drop_TS1,valve,90,80,22
drop_TS1,valve,90,90,31
drop_TS1,valve,90,100,34
drop_TS1,valve,100,73,2
drop_TS1,valve,100,80,11
drop_TS1,valve,100,90,26
drop_TS1,valve,100,100,51
drop_TS1,pump,0,0,119
drop_TS1,pump,0,1,1
drop_TS1,pump,0,2,0
drop_TS1,pump,1,0,0
drop_TS1,pump,1,1,120
drop_TS1,pump,1,2,0
drop_TS1,pump,2,0,0
drop_TS1,pump,2,1,0
drop_TS1,pump,2,2,120
drop_TS2,valve,73,73,84
drop_TS2,valve,73,80,6
drop_TS2,valve,73,90,0
drop_TS2,valve,73,100,0
drop_TS2,valve,80,73,10
drop_TS2,valve,80,80,69
drop_TS2,valve,80,90,11
drop_TS2,valve,80,100,0
drop_TS2,valve,90,73,2
drop_TS2,valve,90,80,22
drop_TS2,valve,90,90,31
drop_TS2,valve,90,100,35
drop_TS2,valve,100,73,2
drop_TS2,valve,100,80,13
drop_TS2,valve,100,90,25
drop_TS2,valve,100,100,50
drop_TS2,pump,0,0,119
drop_TS2,pump,0,1,0
drop_TS2,pump,0,2,1
drop_TS2,pump,1,0,0
drop_TS2,pump,1,1,119
drop_TS2,pump,1,2,1
drop_TS2,pump,2,0,0
drop_TS2,pump,2,1,0
drop_TS2,pump,2,2,120
drop_TS3,valve,73,73,83
drop_TS3,valve,73,80,7
drop_TS3,valve,73,90,0
drop_TS3,valve,73,100,0
drop_TS3,valve,80,73,8
drop_TS3,valve,80,80,70
drop_TS3,valve,80,90,12
drop_TS3,valve,80,100,0
drop_TS3,valve,90,73,2
drop_TS3,valve,90,80,22
drop_TS3,valve,90,90,31
drop_TS3,valve,90,100,35
drop_TS3,valve,100,73,2
drop_TS3,valve,100,80,11
drop_TS3,valve,100,90,25
drop_TS3,valve,100,100,52
drop_TS3,pump,0,0,119
drop_TS3,pump,0,1,0
drop_TS3,pump,0,2,1
drop_TS3,pump,1,0,0
drop_TS3,pump,1,1,120
drop_TS3,pump,1,2,0
drop_TS3,pump,2,0,0
drop_TS3,pump,2,1,0
drop_TS3,pump,2,2,120
drop_TS4,valve,73,73,81
drop_TS4,valve,73,80,9
drop_TS4,valve,73,90,0
drop_TS4,valve,73,100,0
drop_TS4,valve,80,73,9
drop_TS4,valve,80,80,70
drop_TS4,valve,80,90,11
drop_TS4,valve,80,100,0
drop_TS4,valve,90,73,3
drop_TS4,valve,90,80,20
drop_TS4,valve,90,90,32
drop_TS4,valve,90,100,35
drop_TS4,valve,100,73,2
drop_TS4,valve,100,80,12
drop_TS4,valve,100,90,25
drop_TS4,valve,100,100,51
drop_TS4,pump,0,0,119
drop_TS4,pump,0,1,1
drop_TS4,pump,0,2,0
drop_TS4,pump,1,0,0
drop_TS4,pump,1,1,120
drop_TS4,pump,1,2,0
drop_TS4,pump,2,0,0
drop_TS4,pump,2,1,0
drop_TS4,pump,2,2,120
drop_VS1,valve,73,73,83
drop_VS1,valve,73,80,7
drop_VS1,valve,73,90,0
drop_VS1,valve,73,100,0
drop_VS1,valve,80,73,10
drop_VS1,valve,80,80,69
drop_VS1,valve,80,90,11
drop_VS1,valve,80,100,0
drop_VS1,valve,90,73,3
drop_VS1,valve,90,80,21
drop_VS1,valve,90,90,31
drop_VS1,valve,90,100,35
drop_VS1,valve,100,73,2
drop_VS1,valve,100,80,13
drop_VS1,valve,100,90,27
drop_VS1,valve,100,100,48
drop_VS1,pump,0,0,119
drop_VS1,pump,0,1,1
drop_VS1,pump,0,2,0
drop_VS1,pump,1,0,0
drop_VS1,pump,1,1,120
drop_VS1,pump,1,2,0
drop_VS1,pump,2,0,0
drop_VS1,pump,2,1,0
drop_VS1,pump,2,2,120
drop_SE,valve,73,73,74
drop_SE,valve,73,80,16
drop_SE,valve,73,90,0
drop_SE,valve,73,100,0
drop_SE,valve,80,73,12
drop_SE,valve,80,80,65
drop_SE,valve,80,90,13
drop_SE,valve,80,100,0
drop_SE,valve,90,73,3
drop_SE,valve,90,80,38
drop_SE,valve,90,90,15
drop_SE,valve,90,100,34
drop_SE,valve,100,73,1
drop_SE,valve,100,80,17
drop_SE,valve,100,90,21
drop_SE,valve,100,100,51
drop_SE,pump,0,0,119
drop_SE,pump,0,1,1
drop_SE,pump,0,2,0
drop_SE,pump,1,0,0
drop_SE,pump,1,1,120
drop_SE,pump,1,2,0
drop_SE,pump,2,0,0
drop_SE,pump,2,1,0
drop_SE,pump,2,2,120
drop_CE,valve,73,73,82
drop_CE,valve,73,80,8
drop_CE,valve,73,90,0
drop_CE,valve,73,100,0
drop_CE,valve,80,73,12
drop_CE,valve,80,80,67
drop_CE,valve,80,90,11
drop_CE,valve,80,100,0
drop_CE,valve,90,73,3
drop_CE,valve,90,80,22
drop_CE,valve,90,90,31
drop_CE,valve,90,100,34
drop_CE,valve,100,73,2
drop_CE,valve,100,80,12
drop_CE,valve,100,90,25
drop_CE,valve,100,100,51
drop_CE,pump,0,0,119
drop_CE,pump,0,1,1
drop_CE,pump,0,2,0
drop_CE,pump,1,0,0
drop_CE,pump,1,1,120
drop_CE,pump,1,2,0
drop_CE,pump,2,0,0
drop_CE,pump,2,1,0
drop_CE,pump,2,2,120
drop_CP,valve,73,73,84
drop_CP,valve,73,80,6
drop_CP,valve,73,90,0
drop_CP,valve,73,100,0
drop_CP,valve,80,73,9
drop_CP,valve,80,80,70
drop_CP,valve,80,90,11
drop_CP,valve,80,100,0
drop_CP,valve,90,73,3
drop_CP,valve,90,80,21
drop_CP,valve,90,90,31
drop_CP,valve,90,100,35
drop_CP,valve,100,73,2
drop_CP,valve,100,80,15
drop_CP,valve,100,90,26
drop_CP,valve,100,100,47
drop_CP,pump,0,0,119
drop_CP,pump,0,1,0
drop_CP,pump,0,2,1
drop_CP,pump,1,0,0
drop_CP,pump,1,1,120
drop_CP,pump,1,2,0
drop_CP,pump,2,0,0
drop_CP,pump,2,1,0
drop_CP,pump,2,2,120
dropgroup_PRESSURE,valve,73,73,63
dropgroup_PRESSURE,valve,73,80,15
dropgroup_PRESSURE,valve,73,90,0
dropgroup_PRESSURE,valve,73,100,12
dropgroup_PRESSURE,valve,80,73,15
dropgroup_PRESSURE,valve,80,80,50
dropgroup_PRESSURE,valve,80,90,20
dropgroup_PRESSURE,valve,80,100,5
dropgroup_PRESSURE,valve,90,73,1
dropgroup_PRESSURE,valve,90,80,42
dropgroup_PRESSURE,valve,90,90,3
dropgroup_PRESSURE,valve,90,100,44
dropgroup_PRESSURE,valve,100,73,1
dropgroup_PRESSURE,valve,100,80,19
dropgroup_PRESSURE,valve,100,90,38
dropgroup_PRESSURE,valve,100,100,32
dropgroup_PRESSURE,pump,0,0,119
dropgroup_PRESSURE,pump,0,1,0
dropgroup_PRESSURE,pump,0,2,1
dropgroup_PRESSURE,pump,1,0,0
dropgroup_PRESSURE,pump,1,1,118
dropgroup_PRESSURE,pump,1,2,2
dropgroup_PRESSURE,pump,2,0,0
dropgroup_PRESSURE,pump,2,1,0
dropgroup_PRESSURE,pump,2,2,120
dropgroup_TEMPERATURE,valve,73,73,82
dropgroup_TEMPERATURE,valve,73,80,8
dropgroup_TEMPERATURE,valve,73,90,0
dropgroup_TEMPERATURE,valve,73,100,0
dropgroup_TEMPERATURE,valve,80,73,10
dropgroup_TEMPERATURE,valve,80,80,69
dropgroup_TEMPERATURE,valve,80,90,11
dropgroup_TEMPERATURE,valve,80,100,0
dropgroup_TEMPERATURE,valve,90,73,2
dropgroup_TEMPERATURE,valve,90,80,18
dropgroup_TEMPERATURE,valve,90,90,36
dropgroup_TEMPERATURE,valve,90,100,34
dropgroup_TEMPERATURE,valve,100,73,2
dropgroup_TEMPERATURE,valve,100,80,10
dropgroup_TEMPERATURE,valve,100,90,23
dropgroup_TEMPERATURE,valve,100,100,55
dropgroup_TEMPERATURE,pump,0,0,119
dropgroup_TEMPERATURE,pump,0,1,0
dropgroup_TEMPERATURE,pump,0,2,1
dropgroup_TEMPERATURE,pump,1,0,0
dropgroup_TEMPERATURE,pump,1,1,119
dropgroup_TEMPERATURE,pump,1,2,1
dropgroup_TEMPERATURE,pump,2,0,0
dropgroup_TEMPERATURE,pump,2,1,0
dropgroup_TEMPERATURE,pump,2,2,120
dropgroup_FLOW,valve,73,73,81
dropgroup_FLOW,valve,73,80,9
dropgroup_FLOW,valve,73,90,0
dropgroup_FLOW,valve,73,100,0
dropgroup_FLOW,valve,80,73,12
dropgroup_FLOW,valve,80,80,67
dropgroup_FLOW,valve,80,90,11
dropgroup_FLOW,valve,80,100,0
dropgroup_FLOW,valve,90,73,3
dropgroup_FLOW,valve,90,80,25
dropgroup_FLOW,valve,90,90,25
dropgroup_FLOW,valve,90,100,37
dropgroup_FLOW,valve,100,73,2
dropgroup_FLOW,valve,100,80,13
dropgroup_FLOW,valve,100,90,34
dropgroup_FLOW,valve,100,100,41
dropgroup_FLOW,pump,0,0,119
dropgroup_FLOW,pump,0,1,0
dropgroup_FLOW,pump,0,2,1
dropgroup_FLOW,pump,1,0,0
dropgroup_FLOW,pump,1,1,120
dropgroup_FLOW,pump,1,2,0
dropgroup_FLOW,pump,2,0,0
dropgroup_FLOW,pump,2,1,0
dropgroup_FLOW,pump,2,2,120
dropgroup_OTHER,valve,73,73,73
dropgroup_OTHER,valve,73,80,17
dropgroup_OTHER,valve,73,90,0
dropgroup_OTHER,valve,73,100,0
dropgroup_OTHER,valve,80,73,12
dropgroup_OTHER,valve,80,80,65
dropgroup_OTHER,valve,80,90,13
dropgroup_OTHER,valve,80,100,0
dropgroup_OTHER,valve,90,73,3
dropgroup_OTHER,valve,90,80,35
dropgroup_OTHER,valve,90,90,21
dropgroup_OTHER,valve,90,100,31
dropgroup_OTHER,valve,100,73,1
dropgroup_OTHER,valve,100,80,19
dropgroup_OTHER,valve,100,90,21
dropgroup_OTHER,valve,100,100,49
dropgroup_OTHER,pump,0,0,119
dropgroup_OTHER,pump,0,1,1
dropgroup_OTHER,pump,0,2,0
dropgroup_OTHER,pump,1,0,0
dropgroup_OTHER,pump,1,1,120
dropgroup_OTHER,pump,1,2,0
dropgroup_OTHER,pump,2,0,0
dropgroup_OTHER,pump,2,1,0
dropgroup_OTHER,pump,2,2,120
noise_x2,valve,73,73,6
noise_x2,valve,73,80,47
noise_x2,valve,73,90,0
noise_x2,valve,73,100,37
noise_x2,valve,80,73,29
noise_x2,valve,80,80,5
noise_x2,valve,80,90,42
noise_x2,valve,80,100,14
noise_x2,valve,90,73,6
noise_x2,valve,90,80,37
noise_x2,valve,90,90,0
noise_x2,valve,90,100,47
noise_x2,valve,100,73,17
noise_x2,valve,100,80,34
noise_x2,valve,100,90,36
noise_x2,valve,100,100,3
noise_x2,pump,0,0,108
noise_x2,pump,0,1,11
noise_x2,pump,0,2,1
noise_x2,pump,1,0,15
noise_x2,pump,1,1,86
noise_x2,pump,1,2,19
noise_x2,pump,2,0,0
noise_x2,pump,2,1,15
noise_x2,pump,2,2,105
noise_x4,valve,73,73,8
noise_x4,valve,73,80,38
noise_x4,valve,73,90,4
noise_x4,valve,73,100,40
noise_x4,valve,80,73,38
noise_x4,valve,80,80,9
noise_x4,valve,80,90,26
noise_x4,valve,80,100,17
noise_x4,valve,90,73,11
noise_x4,valve,90,80,31
noise_x4,valve,90,90,1
noise_x4,valve,90,100,47
noise_x4,valve,100,73,25
noise_x4,valve,100,80,34
noise_x4,valve,100,90,31
noise_x4,valve,100,100,0
noise_x4,pump,0,0,103
noise_x4,pump,0,1,15
noise_x4,pump,0,2,2
noise_x4,pump,1,0,23
noise_x4,pump,1,1,72
noise_x4,pump,1,2,25
noise_x4,pump,2,0,0
noise_x4,pump,2,1,29
noise_x4,pump,2,2,91
noise_x8,valve,73,73,9
noise_x8,valve,73,80,32
noise_x8,valve,73,90,9
noise_x8,valve,73,100,40
noise_x8,valve,80,73,37
noise_x8,valve,80,80,11
noise_x8,valve,80,90,26
noise_x8,valve,80,100,16
noise_x8,valve,90,73,12
noise_x8,valve,90,80,34
noise_x8,valve,90,90,0
noise_x8,valve,90,100,44
noise_x8,valve,100,73,32
noise_x8,valve,100,80,38
noise_x8,valve,100,90,19
noise_x8,valve,100,100,1
noise_x8,pump,0,0,90
noise_x8,pump,0,1,20
noise_x8,pump,0,2,10
noise_x8,pump,1,0,33
noise_x8,pump,1,1,57
noise_x8,pump,1,2,30
noise_x8,pump,2,0,1
noise_x8,pump,2,1,34
noise_x8,pump,2,2,85
downsample_2,valve,73,73,86
downsample_2,valve,73,80,4
downsample_2,valve,73,90,0
downsample_2,valve,73,100,0
downsample_2,valve,80,73,2
downsample_2,valve,80,80,79
downsample_2,valve,80,90,9
downsample_2,valve,80,100,0
downsample_2,valve,90,73,3
downsample_2,valve,90,80,19
downsample_2,valve,90,90,59
downsample_2,valve,90,100,9
downsample_2,valve,100,73,1
downsample_2,valve,100,80,17
downsample_2,valve,100,90,10
downsample_2,valve,100,100,62
downsample_2,pump,0,0,119
downsample_2,pump,0,1,0
downsample_2,pump,0,2,1
downsample_2,pump,1,0,0
downsample_2,pump,1,1,119
downsample_2,pump,1,2,1
downsample_2,pump,2,0,0
downsample_2,pump,2,1,0
downsample_2,pump,2,2,120
downsample_5,valve,73,73,90
downsample_5,valve,73,80,0
downsample_5,valve,73,90,0
downsample_5,valve,73,100,0
downsample_5,valve,80,73,2
downsample_5,valve,80,80,88
downsample_5,valve,80,90,0
downsample_5,valve,80,100,0
downsample_5,valve,90,73,4
downsample_5,valve,90,80,1
downsample_5,valve,90,90,57
downsample_5,valve,90,100,28
downsample_5,valve,100,73,2
downsample_5,valve,100,80,0
downsample_5,valve,100,90,23
downsample_5,valve,100,100,65
downsample_5,pump,0,0,119
downsample_5,pump,0,1,1
downsample_5,pump,0,2,0
downsample_5,pump,1,0,0
downsample_5,pump,1,1,120
downsample_5,pump,1,2,0
downsample_5,pump,2,0,0
downsample_5,pump,2,1,0
downsample_5,pump,2,2,120
downsample_10,valve,73,73,90
downsample_10,valve,73,80,0
downsample_10,valve,73,90,0
downsample_10,valve,73,100,0
downsample_10,valve,80,73,2
downsample_10,valve,80,80,88
downsample_10,valve,80,90,0
downsample_10,valve,80,100,0
downsample_10,valve,90,73,4
downsample_10,valve,90,80,5
downsample_10,valve,90,90,73
downsample_10,valve,90,100,8
downsample_10,valve,100,73,2
downsample_10,valve,100,80,0
downsample_10,valve,100,90,12
downsample_10,valve,100,100,76
downsample_10,pump,0,0,119
downsample_10,pump,0,1,0
downsample_10,pump,0,2,1
downsample_10,pump,1,0,0
downsample_10,pump,1,1,120
downsample_10,pump,1,2,0
downsample_10,pump,2,0,0
downsample_10,pump,2,1,0
downsample_10,pump,2,2,120
bias_PS1,valve,73,73,85
bias_PS1,valve,73,80,5
bias_PS1,valve,73,90,0
bias_PS1,valve,73,100,0
bias_PS1,valve,80,73,7
bias_PS1,valve,80,80,72
bias_PS1,valve,80,90,11
bias_PS1,valve,80,100,0
bias_PS1,valve,90,73,2
bias_PS1,valve,90,80,24
bias_PS1,valve,90,90,29
bias_PS1,valve,90,100,35
bias_PS1,valve,100,73,2
bias_PS1,valve,100,80,12
bias_PS1,valve,100,90,27
bias_PS1,valve,100,100,49
bias_PS1,pump,0,0,119
bias_PS1,pump,0,1,0
bias_PS1,pump,0,2,1
bias_PS1,pump,1,0,0
bias_PS1,pump,1,1,120
bias_PS1,pump,1,2,0
bias_PS1,pump,2,0,0
bias_PS1,pump,2,1,0
bias_PS1,pump,2,2,120
bias_PS3,valve,73,73,85
bias_PS3,valve,73,80,5
bias_PS3,valve,73,90,0
bias_PS3,valve,73,100,0
bias_PS3,valve,80,73,7
bias_PS3,valve,80,80,72
bias_PS3,valve,80,90,11
bias_PS3,valve,80,100,0
bias_PS3,valve,90,73,2
bias_PS3,valve,90,80,24
bias_PS3,valve,90,90,29
bias_PS3,valve,90,100,35
bias_PS3,valve,100,73,2
bias_PS3,valve,100,80,12
bias_PS3,valve,100,90,27
bias_PS3,valve,100,100,49
bias_PS3,pump,0,0,119
bias_PS3,pump,0,1,0
bias_PS3,pump,0,2,1
bias_PS3,pump,1,0,0
bias_PS3,pump,1,1,120
bias_PS3,pump,1,2,0
bias_PS3,pump,2,0,0
bias_PS3,pump,2,1,0
bias_PS3,pump,2,2,120
bias_TS1,valve,73,73,85
bias_TS1,valve,73,80,5
bias_TS1,valve,73,90,0
bias_TS1,valve,73,100,0
bias_TS1,valve,80,73,7
bias_TS1,valve,80,80,72
bias_TS1,valve,80,90,11
bias_TS1,valve,80,100,0
bias_TS1,valve,90,73,2
bias_TS1,valve,90,80,24
bias_TS1,valve,90,90,29
bias_TS1,valve,90,100,35
bias_TS1,valve,100,73,2
bias_TS1,valve,100,80,12
bias_TS1,valve,100,90,27
bias_TS1,valve,100,100,49
bias_TS1,pump,0,0,119
bias_TS1,pump,0,1,0
bias_TS1,pump,0,2,1
bias_TS1,pump,1,0,0
bias_TS1,pump,1,1,120
bias_TS1,pump,1,2,0
bias_TS1,pump,2,0,0
bias_TS1,pump,2,1,0
bias_TS1,pump,2,2,120
bias_FS1,valve,73,73,85
bias_FS1,valve,73,80,5
bias_FS1,valve,73,90,0
bias_FS1,valve,73,100,0
bias_FS1,valve,80,73,7
bias_FS1,valve,80,80,72
bias_FS1,valve,80,90,11
bias_FS1,valve,80,100,0
bias_FS1,valve,90,73,2
bias_FS1,valve,90,80,24
bias_FS1,valve,90,90,29
bias_FS1,valve,90,100,35
bias_FS1,valve,100,73,2
bias_FS1,valve,100,80,12
bias_FS1,valve,100,90,27
bias_FS1,valve,100,100,49
bias_FS1,pump,0,0,119
bias_FS1,pump,0,1,0
bias_FS1,pump,0,2,1
bias_FS1,pump,1,0,0
bias_FS1,pump,1,1,120
bias_FS1,pump,1,2,0
bias_FS1,pump,2,0,0
bias_FS1,pump,2,1,0
bias_FS1,pump,2,2,120
bias_EPS1,valve,73,73,85
bias_EPS1,valve,73,80,5
bias_EPS1,valve,73,90,0
bias_EPS1,valve,73,100,0
bias_EPS1,valve,80,73,7
bias_EPS1,valve,80,80,72
bias_EPS1,valve,80,90,11
bias_EPS1,valve,80,100,0
bias_EPS1,valve,90,73,2
bias_EPS1,valve,90,80,24
bias_EPS1,valve,90,90,29
bias_EPS1,valve,90,100,35
bias_EPS1,valve,100,73,2
bias_EPS1,valve,100,80,12
bias_EPS1,valve,100,90,27
bias_EPS1,valve,100,100,49
bias_EPS1,pump,0,0,119
bias_EPS1,pump,0,1,0
bias_EPS1,pump,0,2,1
bias_EPS1,pump,1,0,0
bias_EPS1,pump,1,1,120
bias_EPS1,pump,1,2,0
bias_EPS1,pump,2,0,0
bias_EPS1,pump,2,1,0
bias_EPS1,pump,2,2,120
drift_PS1,valve,73,73,86
drift_PS1,valve,73,80,4
drift_PS1,valve,73,90,0
drift_PS1,valve,73,100,0
drift_PS1,valve,80,73,6
drift_PS1,valve,80,80,74
drift_PS1,valve,80,90,10
drift_PS1,valve,80,100,0
drift_PS1,valve,90,73,3
drift_PS1,valve,90,80,18
drift_PS1,valve,90,90,41
drift_PS1,valve,90,100,28
drift_PS1,valve,100,73,2
drift_PS1,valve,100,80,8
drift_PS1,valve,100,90,31
drift_PS1,valve,100,100,49
drift_PS1,pump,0,0,119
drift_PS1,pump,0,1,0
drift_PS1,pump,0,2,1
drift_PS1,pump,1,0,0
drift_PS1,pump,1,1,119
drift_PS1,pump,1,2,1
drift_PS1,pump,2,0,0
drift_PS1,pump,2,1,0
drift_PS1,pump,2,2,120
drift_PS3,valve,73,73,85
drift_PS3,valve,73,80,5
drift_PS3,valve,73,90,0
drift_PS3,valve,73,100,0
drift_PS3,valve,80,73,8
drift_PS3,valve,80,80,71
drift_PS3,valve,80,90,11
drift_PS3,valve,80,100,0
drift_PS3,valve,90,73,2
drift_PS3,valve,90,80,23
drift_PS3,valve,90,90,31
drift_PS3,valve,90,100,34
drift_PS3,valve,100,73,2
drift_PS3,valve,100,80,13
drift_PS3,valve,100,90,23
drift_PS3,valve,100,100,52
drift_PS3,pump,0,0,119
drift_PS3,pump,0,1,1
drift_PS3,pump,0,2,0
drift_PS3,pump,1,0,0
drift_PS3,pump,1,1,119
drift_PS3,pump,1,2,1
drift_PS3,pump,2,0,0
drift_PS3,pump,2,1,0
drift_PS3,pump,2,2,120
drift_TS1,valve,73,73,85
drift_TS1,valve,73,80,5
drift_TS1,valve,73,90,0
drift_TS1,valve,73,100,0
drift_TS1,valve,80,73,7
drift_TS1,valve,80,80,72
drift_TS1,valve,80,90,11
drift_TS1,valve,80,100,0
drift_TS1,valve,90,73,3
drift_TS1,valve,90,80,23
drift_TS1,valve,90,90,29
drift_TS1,valve,90,100,35
drift_TS1,valve,100,73,2
drift_TS1,valve,100,80,12
drift_TS1,valve,100,90,29
drift_TS1,valve,100,100,47
drift_TS1,pump,0,0,119
drift_TS1,pump,0,1,0
drift_TS1,pump,0,2,1
drift_TS1,pump,1,0,0
drift_TS1,pump,1,1,120
drift_TS1,pump,1,2,0
drift_TS1,pump,2,0,0
drift_TS1,pump,2,1,0
drift_TS1,pump,2,2,120
drift_FS1,valve,73,73,85
drift_FS1,valve,73,80,5
drift_FS1,valve,73,90,0
drift_FS1,valve,73,100,0
drift_FS1,valve,80,73,6
drift_FS1,valve,80,80,73
drift_FS1,valve,80,90,11
drift_FS1,valve,80,100,0
drift_FS1,valve,90,73,1
drift_FS1,valve,90,80,19
drift_FS1,valve,90,90,34
drift_FS1,valve,90,100,36
drift_FS1,valve,100,73,2
drift_FS1,valve,100,80,13
drift_FS1,valve,100,90,26
drift_FS1,valve,100,100,49
drift_FS1,pump,0,0,119
drift_FS1,pump,0,1,1
drift_FS1,pump,0,2,0
drift_FS1,pump,1,0,0
drift_FS1,pump,1,1,120
drift_FS1,pump,1,2,0
drift_FS1,pump,2,0,0
drift_FS1,pump,2,1,0
drift_FS1,pump,2,2,120
drift_EPS1,valve,73,73,83
drift_EPS1,valve,73,80,7
drift_EPS1,valve,73,90,0
drift_EPS1,valve,73,100,0
drift_EPS1,valve,80,73,8
drift_EPS1,valve,80,80,72
drift_EPS1,valve,80,90,10
drift_EPS1,valve,80,100,0
drift_EPS1,valve,90,73,3
drift_EPS1,valve,90,80,21
drift_EPS1,valve,90,90,31
drift_EPS1,valve,90,100,35
drift_EPS1,valve,100,73,2
drift_EPS1,valve,100,80,11
drift_EPS1,valve,100,90,29
drift_EPS1,valve,100,100,48
drift_EPS1,pump,0,0,119
drift_EPS1,pump,0,1,0
drift_EPS1,pump,0,2,1
drift_EPS1,pump,1,0,0
drift_EPS1,pump,1,1,119
drift_EPS1,pump,1,2,1
drift_EPS1,pump,2,0,0
drift_EPS1,pump,2,1,0
drift_EPS1,pump,2,2,120
restore_PRESSURE_PS1,valve,73,73,78
restore_PRESSURE_PS1,valve,73,80,12
restore_PRESSURE_PS1,valve,73,90,0
restore_PRESSURE_PS1,valve,73,100,0
restore_PRESSURE_PS1,valve,80,73,18
restore_PRESSURE_PS1,valve,80,80,59
restore_PRESSURE_PS1,valve,80,90,13
restore_PRESSURE_PS1,valve,80,100,0
restore_PRESSURE_PS1,valve,90,73,4
restore_PRESSURE_PS1,valve,90,80,32
restore_PRESSURE_PS1,valve,90,90,7
restore_PRESSURE_PS1,valve,90,100,47
restore_PRESSURE_PS1,valve,100,73,2
restore_PRESSURE_PS1,valve,100,80,16
restore_PRESSURE_PS1,valve,100,90,37
restore_PRESSURE_PS1,valve,100,100,35
restore_PRESSURE_PS1,pump,0,0,119
restore_PRESSURE_PS1,pump,0,1,0
restore_PRESSURE_PS1,pump,0,2,1
restore_PRESSURE_PS1,pump,1,0,0
restore_PRESSURE_PS1,pump,1,1,118
restore_PRESSURE_PS1,pump,1,2,2
restore_PRESSURE_PS1,pump,2,0,0
restore_PRESSURE_PS1,pump,2,1,0
restore_PRESSURE_PS1,pump,2,2,120
restore_PRESSURE_PS2,valve,73,73,83
restore_PRESSURE_PS2,valve,73,80,7
restore_PRESSURE_PS2,valve,73,90,0
restore_PRESSURE_PS2,valve,73,100,0
restore_PRESSURE_PS2,valve,80,73,7
restore_PRESSURE_PS2,valve,80,80,71
restore_PRESSURE_PS2,valve,80,90,12
restore_PRESSURE_PS2,valve,80,100,0
restore_PRESSURE_PS2,valve,90,73,2
restore_PRESSURE_PS2,valve,90,80,26
restore_PRESSURE_PS2,valve,90,90,34
restore_PRESSURE_PS2,valve,90,100,28
restore_PRESSURE_PS2,valve,100,73,1
restore_PRESSURE_PS2,valve,100,80,15
restore_PRESSURE_PS2,valve,100,90,33
restore_PRESSURE_PS2,valve,100,100,41
restore_PRESSURE_PS2,pump,0,0,119
restore_PRESSURE_PS2,pump,0,1,0
restore_PRESSURE_PS2,pump,0,2,1
restore_PRESSURE_PS2,pump,1,0,0
restore_PRESSURE_PS2,pump,1,1,117
restore_PRESSURE_PS2,pump,1,2,3
restore_PRESSURE_PS2,pump,2,0,0
restore_PRESSURE_PS2,pump,2,1,0
restore_PRESSURE_PS2,pump,2,2,120
restore_PRESSURE_PS3,valve,73,73,64
restore_PRESSURE_PS3,valve,73,80,13
restore_PRESSURE_PS3,valve,73,90,0
restore_PRESSURE_PS3,valve,73,100,13
restore_PRESSURE_PS3,valve,80,73,17
restore_PRESSURE_PS3,valve,80,80,45
restore_PRESSURE_PS3,valve,80,90,25
restore_PRESSURE_PS3,valve,80,100,3
restore_PRESSURE_PS3,valve,90,73,2
restore_PRESSURE_PS3,valve,90,80,41
restore_PRESSURE_PS3,valve,90,90,3
restore_PRESSURE_PS3,valve,90,100,44
restore_PRESSURE_PS3,valve,100,73,1
restore_PRESSURE_PS3,valve,100,80,19
restore_PRESSURE_PS3,valve,100,90,38
restore_PRESSURE_PS3,valve,100,100,32
restore_PRESSURE_PS3,pump,0,0,119
restore_PRESSURE_PS3,pump,0,1,0
restore_PRESSURE_PS3,pump,0,2,1
restore_PRESSURE_PS3,pump,1,0,0
restore_PRESSURE_PS3,pump,1,1,118
restore_PRESSURE_PS3,pump,1,2,2
restore_PRESSURE_PS3,pump,2,0,0
restore_PRESSURE_PS3,pump,2,1,0
restore_PRESSURE_PS3,pump,2,2,120
restore_PRESSURE_PS4,valve,73,73,62
restore_PRESSURE_PS4,valve,73,80,14
restore_PRESSURE_PS4,valve,73,90,0
restore_PRESSURE_PS4,valve,73,100,14
restore_PRESSURE_PS4,valve,80,73,18
restore_PRESSURE_PS4,valve,80,80,47
restore_PRESSURE_PS4,valve,80,90,22
restore_PRESSURE_PS4,valve,80,100,3
restore_PRESSURE_PS4,valve,90,73,3
restore_PRESSURE_PS4,valve,90,80,41
restore_PRESSURE_PS4,valve,90,90,2
restore_PRESSURE_PS4,valve,90,100,44
restore_PRESSURE_PS4,valve,100,73,1
restore_PRESSURE_PS4,valve,100,80,19
restore_PRESSURE_PS4,valve,100,90,36
restore_PRESSURE_PS4,valve,100,100,34
restore_PRESSURE_PS4,pump,0,0,119
restore_PRESSURE_PS4,pump,0,1,0
restore_PRESSURE_PS4,pump,0,2,1
restore_PRESSURE_PS4,pump,1,0,0
restore_PRESSURE_PS4,pump,1,1,117
restore_PRESSURE_PS4,pump,1,2,3
restore_PRESSURE_PS4,pump,2,0,0
restore_PRESSURE_PS4,pump,2,1,0
restore_PRESSURE_PS4,pump,2,2,120
restore_PRESSURE_PS5,valve,73,73,64
restore_PRESSURE_PS5,valve,73,80,13
restore_PRESSURE_PS5,valve,73,90,0
restore_PRESSURE_PS5,valve,73,100,13
restore_PRESSURE_PS5,valve,80,73,15
restore_PRESSURE_PS5,valve,80,80,49
restore_PRESSURE_PS5,valve,80,90,21
restore_PRESSURE_PS5,valve,80,100,5
restore_PRESSURE_PS5,valve,90,73,3
restore_PRESSURE_PS5,valve,90,80,41
restore_PRESSURE_PS5,valve,90,90,1
restore_PRESSURE_PS5,valve,90,100,45
restore_PRESSURE_PS5,valve,100,73,1
restore_PRESSURE_PS5,valve,100,80,19
restore_PRESSURE_PS5,valve,100,90,38
restore_PRESSURE_PS5,valve,100,100,32
restore_PRESSURE_PS5,pump,0,0,119
restore_PRESSURE_PS5,pump,0,1,0
restore_PRESSURE_PS5,pump,0,2,1
restore_PRESSURE_PS5,pump,1,0,0
restore_PRESSURE_PS5,pump,1,1,118
restore_PRESSURE_PS5,pump,1,2,2
restore_PRESSURE_PS5,pump,2,0,0
restore_PRESSURE_PS5,pump,2,1,0
restore_PRESSURE_PS5,pump,2,2,120
restore_PRESSURE_PS6,valve,73,73,64
restore_PRESSURE_PS6,valve,73,80,13
restore_PRESSURE_PS6,valve,73,90,0
restore_PRESSURE_PS6,valve,73,100,13
restore_PRESSURE_PS6,valve,80,73,15
restore_PRESSURE_PS6,valve,80,80,47
restore_PRESSURE_PS6,valve,80,90,23
restore_PRESSURE_PS6,valve,80,100,5
restore_PRESSURE_PS6,valve,90,73,4
restore_PRESSURE_PS6,valve,90,80,40
restore_PRESSURE_PS6,valve,90,90,2
restore_PRESSURE_PS6,valve,90,100,44
restore_PRESSURE_PS6,valve,100,73,0
restore_PRESSURE_PS6,valve,100,80,20
restore_PRESSURE_PS6,valve,100,90,37
restore_PRESSURE_PS6,valve,100,100,33
restore_PRESSURE_PS6,pump,0,0,119
restore_PRESSURE_PS6,pump,0,1,0
restore_PRESSURE_PS6,pump,0,2,1
restore_PRESSURE_PS6,pump,1,0,0
restore_PRESSURE_PS6,pump,1,1,118
restore_PRESSURE_PS6,pump,1,2,2
restore_PRESSURE_PS6,pump,2,0,0
restore_PRESSURE_PS6,pump,2,1,0
restore_PRESSURE_PS6,pump,2,2,120
restore_TEMPERATURE_TS1,valve,73,73,83
restore_TEMPERATURE_TS1,valve,73,80,7
restore_TEMPERATURE_TS1,valve,73,90,0
restore_TEMPERATURE_TS1,valve,73,100,0
restore_TEMPERATURE_TS1,valve,80,73,8
restore_TEMPERATURE_TS1,valve,80,80,70
restore_TEMPERATURE_TS1,valve,80,90,12
restore_TEMPERATURE_TS1,valve,80,100,0
restore_TEMPERATURE_TS1,valve,90,73,2
restore_TEMPERATURE_TS1,valve,90,80,20
restore_TEMPERATURE_TS1,valve,90,90,32
restore_TEMPERATURE_TS1,valve,90,100,36
restore_TEMPERATURE_TS1,valve,100,73,2
restore_TEMPERATURE_TS1,valve,100,80,10
restore_TEMPERATURE_TS1,valve,100,90,23
restore_TEMPERATURE_TS1,valve,100,100,55
restore_TEMPERATURE_TS1,pump,0,0,119
restore_TEMPERATURE_TS1,pump,0,1,0
restore_TEMPERATURE_TS1,pump,0,2,1
restore_TEMPERATURE_TS1,pump,1,0,0
restore_TEMPERATURE_TS1,pump,1,1,119
restore_TEMPERATURE_TS1,pump,1,2,1
restore_TEMPERATURE_TS1,pump,2,0,0
restore_TEMPERATURE_TS1,pump,2,1,0
restore_TEMPERATURE_TS1,pump,2,2,120
restore_TEMPERATURE_TS2,valve,73,73,82
restore_TEMPERATURE_TS2,valve,73,80,8
restore_TEMPERATURE_TS2,valve,73,90,0
restore_TEMPERATURE_TS2,valve,73,100,0
restore_TEMPERATURE_TS2,valve,80,73,5
restore_TEMPERATURE_TS2,valve,80,80,74
restore_TEMPERATURE_TS2,valve,80,90,11
restore_TEMPERATURE_TS2,valve,80,100,0
restore_TEMPERATURE_TS2,valve,90,73,3
restore_TEMPERATURE_TS2,valve,90,80,20
restore_TEMPERATURE_TS2,valve,90,90,31
restore_TEMPERATURE_TS2,valve,90,100,36
restore_TEMPERATURE_TS2,valve,100,73,1
restore_TEMPERATURE_TS2,valve,100,80,10
restore_TEMPERATURE_TS2,valve,100,90,24
restore_TEMPERATURE_TS2,valve,100,100,55
restore_TEMPERATURE_TS2,pump,0,0,119
restore_TEMPERATURE_TS2,pump,0,1,0
restore_TEMPERATURE_TS2,pump,0,2,1
restore_TEMPERATURE_TS2,pump,1,0,0
restore_TEMPERATURE_TS2,pump,1,1,120
restore_TEMPERATURE_TS2,pump,1,2,0
restore_TEMPERATURE_TS2,pump,2,0,0
restore_TEMPERATURE_TS2,pump,2,1,0
restore_TEMPERATURE_TS2,pump,2,2,120
restore_TEMPERATURE_TS3,valve,73,73,85
restore_TEMPERATURE_TS3,valve,73,80,5
restore_TEMPERATURE_TS3,valve,73,90,0
restore_TEMPERATURE_TS3,valve,73,100,0
restore_TEMPERATURE_TS3,valve,80,73,6
restore_TEMPERATURE_TS3,valve,80,80,73
restore_TEMPERATURE_TS3,valve,80,90,11
restore_TEMPERATURE_TS3,valve,80,100,0
restore_TEMPERATURE_TS3,valve,90,73,3
restore_TEMPERATURE_TS3,valve,90,80,20
restore_TEMPERATURE_TS3,valve,90,90,31
restore_TEMPERATURE_TS3,valve,90,100,36
restore_TEMPERATURE_TS3,valve,100,73,2
restore_TEMPERATURE_TS3,valve,100,80,11
restore_TEMPERATURE_TS3,valve,100,90,23
restore_TEMPERATURE_TS3,valve,100,100,54
restore_TEMPERATURE_TS3,pump,0,0,119
restore_TEMPERATURE_TS3,pump,0,1,0
restore_TEMPERATURE_TS3,pump,0,2,1
restore_TEMPERATURE_TS3,pump,1,0,0
restore_TEMPERATURE_TS3,pump,1,1,119
restore_TEMPERATURE_TS3,pump,1,2,1
restore_TEMPERATURE_TS3,pump,2,0,0
restore_TEMPERATURE_TS3,pump,2,1,0
restore_TEMPERATURE_TS3,pump,2,2,120
restore_TEMPERATURE_TS4,valve,73,73,83
restore_TEMPERATURE_TS4,valve,73,80,7
restore_TEMPERATURE_TS4,valve,73,90,0
restore_TEMPERATURE_TS4,valve,73,100,0
restore_TEMPERATURE_TS4,valve,80,73,7
restore_TEMPERATURE_TS4,valve,80,80,72
restore_TEMPERATURE_TS4,valve,80,90,11
restore_TEMPERATURE_TS4,valve,80,100,0
restore_TEMPERATURE_TS4,valve,90,73,2
restore_TEMPERATURE_TS4,valve,90,80,22
restore_TEMPERATURE_TS4,valve,90,90,31
restore_TEMPERATURE_TS4,valve,90,100,35
restore_TEMPERATURE_TS4,valve,100,73,1
restore_TEMPERATURE_TS4,valve,100,80,12
restore_TEMPERATURE_TS4,valve,100,90,24
restore_TEMPERATURE_TS4,valve,100,100,53
restore_TEMPERATURE_TS4,pump,0,0,119
restore_TEMPERATURE_TS4,pump,0,1,0
restore_TEMPERATURE_TS4,pump,0,2,1
restore_TEMPERATURE_TS4,pump,1,0,0
restore_TEMPERATURE_TS4,pump,1,1,119
restore_TEMPERATURE_TS4,pump,1,2,1
restore_TEMPERATURE_TS4,pump,2,0,0
restore_TEMPERATURE_TS4,pump,2,1,0
restore_TEMPERATURE_TS4,pump,2,2,120
restore_FLOW_FS1,valve,73,73,82
restore_FLOW_FS1,valve,73,80,8
restore_FLOW_FS1,valve,73,90,0
restore_FLOW_FS1,valve,73,100,0
restore_FLOW_FS1,valve,80,73,8
restore_FLOW_FS1,valve,80,80,71
restore_FLOW_FS1,valve,80,90,11
restore_FLOW_FS1,valve,80,100,0
restore_FLOW_FS1,valve,90,73,3
restore_FLOW_FS1,valve,90,80,21
restore_FLOW_FS1,valve,90,90,31
restore_FLOW_FS1,valve,90,100,35
restore_FLOW_FS1,valve,100,73,2
restore_FLOW_FS1,valve,100,80,12
restore_FLOW_FS1,valve,100,90,27
restore_FLOW_FS1,valve,100,100,49
restore_FLOW_FS1,pump,0,0,119
restore_FLOW_FS1,pump,0,1,1
restore_FLOW_FS1,pump,0,2,0
restore_FLOW_FS1,pump,1,0,0
restore_FLOW_FS1,pump,1,1,120
restore_FLOW_FS1,pump,1,2,0
restore_FLOW_FS1,pump,2,0,0
restore_FLOW_FS1,pump,2,1,0
restore_FLOW_FS1,pump,2,2,120
restore_FLOW_FS2,valve,73,73,81
restore_FLOW_FS2,valve,73,80,9
restore_FLOW_FS2,valve,73,90,0
restore_FLOW_FS2,valve,73,100,0
restore_FLOW_FS2,valve,80,73,12
restore_FLOW_FS2,valve,80,80,66
restore_FLOW_FS2,valve,80,90,12
restore_FLOW_FS2,valve,80,100,0
restore_FLOW_FS2,valve,90,73,3
restore_FLOW_FS2,valve,90,80,22
restore_FLOW_FS2,valve,90,90,27
restore_FLOW_FS2,valve,90,100,38
restore_FLOW_FS2,valve,100,73,2
restore_FLOW_FS2,valve,100,80,17
restore_FLOW_FS2,valve,100,90,27
restore_FLOW_FS2,valve,100,100,44
restore_FLOW_FS2,pump,0,0,119
restore_FLOW_FS2,pump,0,1,0
restore_FLOW_FS2,pump,0,2,1
restore_FLOW_FS2,pump,1,0,0
restore_FLOW_FS2,pump,1,1,120
restore_FLOW_FS2,pump,1,2,0
restore_FLOW_FS2,pump,2,0,0
restore_FLOW_FS2,pump,2,1,0
restore_FLOW_FS2,pump,2,2,120
restore_OTHER_EPS1,valve,73,73,73
restore_OTHER_EPS1,valve,73,80,17
restore_OTHER_EPS1,valve,73,90,0
restore_OTHER_EPS1,valve,73,100,0
restore_OTHER_EPS1,valve,80,73,12
restore_OTHER_EPS1,valve,80,80,66
restore_OTHER_EPS1,valve,80,90,12
restore_OTHER_EPS1,valve,80,100,0
restore_OTHER_EPS1,valve,90,73,4
restore_OTHER_EPS1,valve,90,80,35
restore_OTHER_EPS1,valve,90,90,19
restore_OTHER_EPS1,valve,90,100,32
restore_OTHER_EPS1,valve,100,73,1
restore_OTHER_EPS1,valve,100,80,18
restore_OTHER_EPS1,valve,100,90,23
restore_OTHER_EPS1,valve,100,100,48
restore_OTHER_EPS1,pump,0,0,119
restore_OTHER_EPS1,pump,0,1,1
restore_OTHER_EPS1,pump,0,2,0
restore_OTHER_EPS1,pump,1,0,0
restore_OTHER_EPS1,pump,1,1,120
restore_OTHER_EPS1,pump,1,2,0
restore_OTHER_EPS1,pump,2,0,0
restore_OTHER_EPS1,pump,2,1,0
restore_OTHER_EPS1,pump,2,2,120
restore_OTHER_VS1,valve,73,73,73
restore_OTHER_VS1,valve,73,80,17
restore_OTHER_VS1,valve,73,90,0
restore_OTHER_VS1,valve,73,100,0
restore_OTHER_VS1,valve,80,73,12
restore_OTHER_VS1,valve,80,80,64
restore_OTHER_VS1,valve,80,90,14
restore_OTHER_VS1,valve,80,100,0
restore_OTHER_VS1,valve,90,73,3
restore_OTHER_VS1,valve,90,80,38
restore_OTHER_VS1,valve,90,90,16
restore_OTHER_VS1,valve,90,100,33
restore_OTHER_VS1,valve,100,73,1
restore_OTHER_VS1,valve,100,80,18
restore_OTHER_VS1,valve,100,90,21
restore_OTHER_VS1,valve,100,100,50
restore_OTHER_VS1,pump,0,0,119
restore_OTHER_VS1,pump,0,1,1
restore_OTHER_VS1,pump,0,2,0
restore_OTHER_VS1,pump,1,0,0
restore_OTHER_VS1,pump,1,1,120
restore_OTHER_VS1,pump,1,2,0
restore_OTHER_VS1,pump,2,0,0
restore_OTHER_VS1,pump,2,1,0
restore_OTHER_VS1,pump,2,2,120
restore_OTHER_SE,valve,73,73,83
restore_OTHER_SE,valve,73,80,7
restore_OTHER_SE,valve,73,90,0
restore_OTHER_SE,valve,73,100,0
restore_OTHER_SE,valve,80,73,9
restore_OTHER_SE,valve,80,80,69
restore_OTHER_SE,valve,80,90,12
restore_OTHER_SE,valve,80,100,0
restore_OTHER_SE,valve,90,73,3
restore_OTHER_SE,valve,90,80,20
restore_OTHER_SE,valve,90,90,34
restore_OTHER_SE,valve,90,100,33
restore_OTHER_SE,valve,100,73,2
restore_OTHER_SE,valve,100,80,16
restore_OTHER_SE,valve,100,90,26
restore_OTHER_SE,valve,100,100,46
restore_OTHER_SE,pump,0,0,119
restore_OTHER_SE,pump,0,1,1
restore_OTHER_SE,pump,0,2,0
restore_OTHER_SE,pump,1,0,0
restore_OTHER_SE,pump,1,1,119
restore_OTHER_SE,pump,1,2,1
restore_OTHER_SE,pump,2,0,0
restore_OTHER_SE,pump,2,1,0
restore_OTHER_SE,pump,2,2,120
restore_OTHER_CE,valve,73,73,69
restore_OTHER_CE,valve,73,80,20
restore_OTHER_CE,valve,73,90,1
restore_OTHER_CE,valve,73,100,0
restore_OTHER_CE,valve,80,73,12
restore_OTHER_CE,valve,80,80,65
restore_OTHER_CE,valve,80,90,13
restore_OTHER_CE,valve,80,100,0
restore_OTHER_CE,valve,90,73,3
restore_OTHER_CE,valve,90,80,35
restore_OTHER_CE,valve,90,90,19
restore_OTHER_CE,valve,90,100,33
restore_OTHER_CE,valve,100,73,1
restore_OTHER_CE,valve,100,80,19
restore_OTHER_CE,valve,100,90,22
restore_OTHER_CE,valve,100,100,48
restore_OTHER_CE,pump,0,0,119
restore_OTHER_CE,pump,0,1,1
restore_OTHER_CE,pump,0,2,0
restore_OTHER_CE,pump,1,0,0
restore_OTHER_CE,pump,1,1,119
restore_OTHER_CE,pump,1,2,1
restore_OTHER_CE,pump,2,0,0
restore_OTHER_CE,pump,2,1,0
restore_OTHER_CE,pump,2,2,120
restore_OTHER_CP,valve,73,73,73
restore_OTHER_CP,valve,73,80,17
restore_OTHER_CP,valve,73,90,0
restore_OTHER_CP,valve,73,100,0
restore_OTHER_CP,valve,80,73,12
restore_OTHER_CP,valve,80,80,65
restore_OTHER_CP,valve,80,90,13
restore_OTHER_CP,valve,80,100,0
restore_OTHER_CP,valve,90,73,2
restore_OTHER_CP,valve,90,80,39
restore_OTHER_CP,valve,90,90,17
restore_OTHER_CP,valve,90,100,32
restore_OTHER_CP,valve,100,73,1
restore_OTHER_CP,valve,100,80,19
restore_OTHER_CP,valve,100,90,19
restore_OTHER_CP,valve,100,100,51
restore_OTHER_CP,pump,0,0,119
restore_OTHER_CP,pump,0,1,0
restore_OTHER_CP,pump,0,2,1
restore_OTHER_CP,pump,1,0,0
restore_OTHER_CP,pump,1,1,120
restore_OTHER_CP,pump,1,2,0
restore_OTHER_CP,pump,2,0,0
restore_OTHER_CP,pump,2,1,0
restore_OTHER_CP,pump,2,2,120
