dataset,model,contrast,delta_auroc,ci_low,ci_high,excludes_zero
SECOM,M1_logreg,ISO_FIT - B1_max_prob,-0.09267999656740755,-0.17332366995710125,-0.015872365167450064,True
SECOM,M1_logreg,ISO_FIT - B1_max_prob,-0.09267999656740755,-0.17332366995710125,-0.015872365167450064,True
SECOM,M1_logreg,COMBO_best_plus_iso - B1_max_prob,-0.03175148030550068,-0.08287677459254396,0.021357136498893616,False
SECOM,M1_logreg,ISO_FROZEN_ORACLE - B1_max_prob,0.16527932721187677,0.07598941708697807,0.2625194960525185,True
SECOM,M2_rbf_svm,ISO_FIT - B1_max_prob,-0.015927189988623414,-0.0972740950273446,0.0647995189066618,False
SECOM,M2_rbf_svm,ISO_FIT - B1_max_prob,-0.015927189988623414,-0.0972740950273446,0.0647995189066618,False
SECOM,M2_rbf_svm,COMBO_best_plus_iso - B1_max_prob,-0.028928977734438477,-0.07903947840805452,0.011456617379582387,False
SECOM,M2_rbf_svm,ISO_FROZEN_ORACLE - B1_max_prob,-0.020152771006013315,-0.22604117823600028,0.17317657794607558,False
SECOM,M3_random_forest,ISO_FIT - B1_max_prob,-0.04339346660165777,-0.21569551823458077,0.1313984085737628,False
SECOM,M3_random_forest,ISO_FIT - B1_max_prob,-0.04339346660165777,-0.21569551823458077,0.1313984085737628,False
SECOM,M3_random_forest,COMBO_best_plus_iso - B1_max_prob,-0.023890784982935176,-0.051384266128395986,-0.0031653373026241495,True
SECOM,M3_random_forest,ISO_FROZEN_ORACLE - B1_max_prob,-0.0068259385665528916,-0.237732408125522,0.2305471574891216,False
SECOM,M4_hist_gradient_boosting,ISO_FIT - B1_max_prob,-0.06435884934178449,-0.2015738106139892,0.07248766241879047,False
SECOM,M4_hist_gradient_boosting,ISO_FIT - B1_max_prob,-0.06435884934178449,-0.2015738106139892,0.07248766241879047,False
SECOM,M4_hist_gradient_boosting,COMBO_best_plus_iso - B1_max_prob,-0.025678530797984656,-0.13310591619391143,0.08242913171792467,False
SECOM,M4_hist_gradient_boosting,ISO_FROZEN_ORACLE - B1_max_prob,-0.027791321306679606,-0.24852510970258418,0.1955705705705706,False
STEEL,M1_logreg,ISO_FIT - B1_max_prob,-0.041272453037158874,-0.08949155451698895,0.007531181426555107,False
STEEL,M1_logreg,ISO_FIT - B1_max_prob,-0.041272453037158874,-0.08949155451698895,0.007531181426555107,False
STEEL,M1_logreg,COMBO_best_plus_iso - B1_max_prob,0.007918552036199067,-0.005486064525980788,0.022031850578887416,False
STEEL,M1_logreg,ISO_FROZEN_ORACLE - B1_max_prob,0.12669683257918551,0.06884947538406856,0.1889713940518364,True
STEEL,M2_rbf_svm,ISO_FIT - B2_entropy,0.008821170809943935,-0.042058150120514455,0.06083620185810607,False
STEEL,M2_rbf_svm,ISO_FIT - B1_max_prob,-0.0009164852789551592,-0.05189681256070802,0.05044036294959229,False
STEEL,M2_rbf_svm,COMBO_best_plus_iso - B2_entropy,0.009623095429029727,0.0030803577021647796,0.01680262890677888,True
STEEL,M2_rbf_svm,ISO_FROZEN_ORACLE - B2_entropy,0.14449917898193765,0.08275697526176438,0.21068592005333037,True
STEEL,M3_random_forest,ISO_FIT - B1_max_prob,-0.10301478515324203,-0.1609062634616274,-0.046050590840702704,True
STEEL,M3_random_forest,ISO_FIT - B1_max_prob,-0.10301478515324203,-0.1609062634616274,-0.046050590840702704,True
STEEL,M3_random_forest,COMBO_best_plus_iso - B1_max_prob,0.0004042815339596606,-0.007988202040063896,0.008807291666666647,False
STEEL,M3_random_forest,ISO_FROZEN_ORACLE - B1_max_prob,0.00891344524872939,-0.04847778648819126,0.06743089408640635,False
STEEL,M4_hist_gradient_boosting,ISO_FIT - B2_entropy,-0.07680963500061455,-0.13354339116357078,-0.020862362338803463,True
STEEL,M4_hist_gradient_boosting,ISO_FIT - B2_entropy,-0.07680963500061455,-0.13354339116357078,-0.020862362338803463,True
STEEL,M4_hist_gradient_boosting,COMBO_best_plus_iso - B2_entropy,-0.004547130392036358,-0.023186112556184545,0.013341626866603878,False
STEEL,M4_hist_gradient_boosting,ISO_FROZEN_ORACLE - B2_entropy,-0.005202572610708334,-0.0841564589691952,0.06711217800398717,False
HAR,M1_logreg,ISO_FIT - B3_margin,-0.08737062644039395,-0.19056105957754643,-0.01134437857374637,True
HAR,M1_logreg,ISO_FIT - B3_margin,-0.08737062644039395,-0.19056105957754643,-0.01134437857374637,True
HAR,M1_logreg,COMBO_best_plus_iso - B3_margin,-0.02578881206788186,-0.07696009194334909,0.015007060548822438,False
HAR,M1_logreg,ISO_FROZEN_ORACLE - B3_margin,-0.007590613869683627,-0.043546547884346316,0.0292782331180763,False
HAR,M2_rbf_svm,ISO_FIT - B3_margin,-0.09330974239452772,-0.20915082053670586,0.003729680147175636,False
HAR,M2_rbf_svm,ISO_FIT - B1_max_prob,-0.09337369373466353,-0.2094996092466284,0.0017525027509311662,False
HAR,M2_rbf_svm,COMBO_best_plus_iso - B3_margin,-0.0033112582781457123,-0.06251701296436152,0.04749989902384058,False
HAR,M2_rbf_svm,ISO_FROZEN_ORACLE - B3_margin,0.016248377530814984,-0.018956498621326652,0.050991953754496604,False
HAR,M3_random_forest,ISO_FIT - B3_margin,-0.051717211670982643,-0.13658755454392268,0.05204202245054961,False
HAR,M3_random_forest,ISO_FIT - B3_margin,-0.051717211670982643,-0.13658755454392268,0.05204202245054961,False
HAR,M3_random_forest,COMBO_best_plus_iso - B3_margin,0.05642664227486516,0.012976324486081709,0.11057962677721606,True
HAR,M3_random_forest,ISO_FROZEN_ORACLE - B3_margin,-0.07949945303857164,-0.14118569149427146,0.0036567958097483404,False
HAR,M4_hist_gradient_boosting,ISO_FIT - B3_margin,-0.10825461208660236,-0.16757389843839554,-0.03974403513543338,True
HAR,M4_hist_gradient_boosting,ISO_FIT - B3_margin,-0.10825461208660236,-0.16757389843839554,-0.03974403513543338,True
HAR,M4_hist_gradient_boosting,COMBO_best_plus_iso - B3_margin,-0.03432246357474522,-0.07676783059214362,0.008618462724317957,False
HAR,M4_hist_gradient_boosting,ISO_FROZEN_ORACLE - B3_margin,-0.1452865097578766,-0.22778333613948828,-0.060832957054114435,True
