dataset,model,score,auroc,auprc,aurc,auroc_calib
SECOM,M1_logreg,B1_max_prob,0.7588603793014674,0.3461875374943623,0.06445585003936963,0.7337128399746996
SECOM,M1_logreg,B2_entropy,0.7588603793014674,0.3461875374943623,0.06445585003936963,0.7337128399746996
SECOM,M1_logreg,B3_margin,0.7588603793014674,0.3461875374943623,0.06445585003936963,0.7337128399746996
SECOM,M1_logreg,B4_knn_dist,0.6066249034583369,0.2139707591604002,0.1070430452872985,0.58191018342821
SECOM,M1_logreg,B5_mahalanobis,0.5885179782030379,0.1970328426097469,0.1126938020822745,0.5781151170145478
SECOM,M1_logreg,B6_conformal_aps,0.5018450184501845,0.13738019169329074,0.22524772379420435,0.4852941176470588
SECOM,M1_logreg,ISO_FIT,0.6661803827340599,0.2410084497626928,0.08421816471174805,0.7079907231709889
SECOM,M1_logreg,ISO_RAW,0.5589118681884493,0.21307968357416024,0.14121107905096467,0.5979337971747839
SECOM,M1_logreg,ISO_FROZEN_ORACLE,0.9241397065133442,0.6589528282849683,0.021996137675259694,0.948134092346616
SECOM,M1_logreg,COMBO_best_plus_iso,0.7271088989959668,0.3016123139004137,0.07086319851242828,
SECOM,M2_rbf_svm,B1_max_prob,0.7302129042743377,0.1441061749955947,0.025949711744484637,0.7311777569509528
SECOM,M2_rbf_svm,B2_entropy,0.7302129042743377,0.1441061749955947,0.025949711744484637,0.7311777569509528
SECOM,M2_rbf_svm,B3_margin,0.7302129042743377,0.1441061749955947,0.025949711744484637,0.7311777569509528
SECOM,M2_rbf_svm,B4_knn_dist,0.5767918088737202,0.11673211445384514,0.05284070127167962,0.6360512339893784
SECOM,M2_rbf_svm,B5_mahalanobis,0.5397367137981472,0.10767886449333734,0.06934533327588248,0.6385504529834427
SECOM,M2_rbf_svm,B6_conformal_aps,0.5034129692832765,0.0673076923076923,0.10326165493219486,0.5137457044673539
SECOM,M2_rbf_svm,ISO_FIT,0.7142857142857143,0.19147452597745124,0.02823325474531862,0.6441736957200874
SECOM,M2_rbf_svm,ISO_RAW,0.5990573703884284,0.17972080011479158,0.055191194057747035,0.5357700718525461
SECOM,M2_rbf_svm,ISO_FROZEN_ORACLE,0.7100601332683244,0.27151658109610044,0.03700967531802893,0.7046235551390191
SECOM,M2_rbf_svm,COMBO_best_plus_iso,0.7012839265398992,0.13740370474555166,0.029685337771198764,
SECOM,M3_random_forest,B1_max_prob,0.7103851779619698,0.1782314615829654,0.03695767324293771,0.74779843444227
SECOM,M3_random_forest,B2_entropy,0.7103851779619698,0.1782314615829654,0.03695767324293771,0.74779843444227
SECOM,M3_random_forest,B3_margin,0.7103851779619698,0.1782314615829654,0.03695767324293771,0.74779843444227
SECOM,M3_random_forest,B4_knn_dist,0.5767918088737202,0.11673211445384514,0.05284070127167962,0.6172537508153947
SECOM,M3_random_forest,B5_mahalanobis,0.5397367137981472,0.10767886449333734,0.06934533327588248,0.6198630136986302
SECOM,M3_random_forest,B6_conformal_aps,0.5017877458150496,0.06710289809935002,0.09904605943009175,0.5154109589041096
SECOM,M3_random_forest,ISO_FIT,0.666991711360312,0.18880887323188067,0.03631640830498178,0.6436725375081539
SECOM,M3_random_forest,ISO_RAW,0.5990573703884284,0.17972080011479158,0.055191194057747035,0.5624592302674495
SECOM,M3_random_forest,ISO_FROZEN_ORACLE,0.7035592393954169,0.2694987964353144,0.04063968231710666,0.708904109589041
SECOM,M3_random_forest,COMBO_best_plus_iso,0.6864943929790346,0.1713762858964478,0.04138422187085855,
SECOM,M4_hist_gradient_boosting,B1_max_prob,0.7305379489679831,0.21248325767363074,0.03225540047778076,0.7856655290102389
SECOM,M4_hist_gradient_boosting,B2_entropy,0.7305379489679831,0.21248325767363074,0.03225540047778076,0.7856655290102389
SECOM,M4_hist_gradient_boosting,B3_margin,0.7305379489679831,0.21248325767363074,0.03225540047778076,0.7856655290102389
SECOM,M4_hist_gradient_boosting,B4_knn_dist,0.5767918088737202,0.11673211445384514,0.05284070127167962,0.6006825938566553
SECOM,M4_hist_gradient_boosting,B5_mahalanobis,0.5397367137981472,0.10767886449333734,0.06934533327588248,0.6040955631399317
SECOM,M4_hist_gradient_boosting,B6_conformal_aps,0.5204778156996587,0.0695364238410596,0.08678733857803973,0.5170648464163823
SECOM,M4_hist_gradient_boosting,ISO_FIT,0.6661790996261986,0.1886663347612043,0.03652363492648919,0.6315699658703071
SECOM,M4_hist_gradient_boosting,ISO_RAW,0.5990573703884284,0.17972080011479158,0.055191194057747035,0.5569965870307167
SECOM,M4_hist_gradient_boosting,ISO_FROZEN_ORACLE,0.7027466276613035,0.26796653388225056,0.04167838674301373,0.7378839590443687
SECOM,M4_hist_gradient_boosting,COMBO_best_plus_iso,0.7048594181699984,0.19663363716034116,0.029707094908820408,
STEEL,M1_logreg,B1_max_prob,0.767825311942959,0.542712528300635,0.11471527359587827,0.7597636815920398
STEEL,M1_logreg,B2_entropy,0.750445632798574,0.5013572031374056,0.11893720640057277,0.7564987562189055
STEEL,M1_logreg,B3_margin,0.7530508706979295,0.47972357558403034,0.11871282107111385,0.7475746268656717
STEEL,M1_logreg,B4_knn_dist,0.6334841628959276,0.33653100170489053,0.16574512714389805,0.6546330845771144
STEEL,M1_logreg,B5_mahalanobis,0.5547442753325106,0.2921149850142175,0.19591763418386107,0.5897077114427861
STEEL,M1_logreg,B6_conformal_aps,0.6605820649938297,0.36084387603535756,0.15319634070953425,0.7053016169154229
STEEL,M1_logreg,ISO_FIT,0.7265528589058001,0.488668659622087,0.13545435439997944,0.7090796019900497
STEEL,M1_logreg,ISO_RAW,0.7336144247908953,0.5030064037733629,0.1345620619968847,0.7116604477611941
STEEL,M1_logreg,ISO_FROZEN_ORACLE,0.8945221445221445,0.7636039070537824,0.06953253597681164,0.8881529850746268
STEEL,M1_logreg,COMBO_best_plus_iso,0.7757438639791581,0.559670486723433,0.11471719186382008,
STEEL,M2_rbf_svm,B1_max_prob,0.753083591094818,0.43315355647464016,0.09689732927244331,0.794783779236076
STEEL,M2_rbf_svm,B2_entropy,0.743345935005919,0.39580443641930113,0.09958557026918721,0.7983173481406697
STEEL,M2_rbf_svm,B3_margin,0.7508687516706762,0.41731274538884405,0.09752189636298694,0.7837455830388692
STEEL,M2_rbf_svm,B4_knn_dist,0.5819299652499331,0.247753779204812,0.15644550023035717,0.6540467777216894
STEEL,M2_rbf_svm,B5_mahalanobis,0.5186542941154008,0.21518459730411735,0.17640529359005738,0.5540972572774693
STEEL,M2_rbf_svm,B6_conformal_aps,0.5636193531141406,0.24601470056036587,0.161457549298597,0.6702843681642269
STEEL,M2_rbf_svm,ISO_FIT,0.7521671058158629,0.46547417130035407,0.10807832387875428,0.7242470132929497
STEEL,M2_rbf_svm,ISO_RAW,0.7543819452400046,0.463408608286019,0.10671535491940791,0.7212182399461552
STEEL,M2_rbf_svm,ISO_FROZEN_ORACLE,0.8878451139878566,0.7355520940955732,0.05681953532416333,0.8792529025744573
STEEL,M2_rbf_svm,COMBO_best_plus_iso,0.7529690304349487,0.42953842676202625,0.09762142533224502,
STEEL,M3_random_forest,B1_max_prob,0.8360349607269367,0.552961082457933,0.07023956202572636,0.8401903314517296
STEEL,M3_random_forest,B2_entropy,0.8128946557831511,0.48331039992093044,0.07599149130724221,0.8127080619481836
STEEL,M3_random_forest,B3_margin,0.8223278915755429,0.5235512911846876,0.07357424835562007,0.8362100159212621
STEEL,M3_random_forest,B4_knn_dist,0.6301016479285384,0.2871934106061149,0.1371930758528094,0.6496236792589376
STEEL,M3_random_forest,B5_mahalanobis,0.5512089943015556,0.2369391482312089,0.1675818701778985,0.5432045158488927
STEEL,M3_random_forest,B6_conformal_aps,0.6550900970275682,0.29286635010546724,0.1321164654285669,0.7164025184541902
STEEL,M3_random_forest,ISO_FIT,0.7330201755736947,0.43060925131966826,0.11040276706985462,0.7293023592415689
STEEL,M3_random_forest,ISO_RAW,0.73352071461574,0.4223109657280152,0.11117608423053787,0.7213779128672746
STEEL,M3_random_forest,ISO_FROZEN_ORACLE,0.8449484059756661,0.6568289022053615,0.07003301346114864,0.8218989723548994
STEEL,M3_random_forest,COMBO_best_plus_iso,0.8364392422608964,0.5611259858046463,0.0707796036121033,
STEEL,M4_hist_gradient_boosting,B1_max_prob,0.8033673343984269,0.5089509920706269,0.07286062532848492,0.8322676639723328
STEEL,M4_hist_gradient_boosting,B2_entropy,0.8050469050837737,0.4945042465905827,0.07244678057404767,0.8358869184059194
STEEL,M4_hist_gradient_boosting,B3_margin,0.802793822457089,0.5118123733848766,0.07302250829299166,0.8302971810029356
STEEL,M4_hist_gradient_boosting,B4_knn_dist,0.6172627094342714,0.24194074484913086,0.12741897953891665,0.6755137330598786
STEEL,M4_hist_gradient_boosting,B5_mahalanobis,0.5295973126869035,0.20040936258692035,0.1567829957228606,0.5742952507339044
STEEL,M4_hist_gradient_boosting,B6_conformal_aps,0.7970177379050428,0.4284539167243704,0.07398369642223705,0.8049422929987534
STEEL,M4_hist_gradient_boosting,ISO_FIT,0.7282372700831592,0.39972653677572706,0.10262224478675196,0.7062371818072144
STEEL,M4_hist_gradient_boosting,ISO_RAW,0.7381508336405719,0.39860185321252706,0.10015955465022665,0.7040656291470624
STEEL,M4_hist_gradient_boosting,ISO_FROZEN_ORACLE,0.7998443324730654,0.5242431995540872,0.0755182847327886,0.7878312623155186
STEEL,M4_hist_gradient_boosting,COMBO_best_plus_iso,0.8004997746917374,0.5142053055619661,0.07830814624124736,
HAR,M1_logreg,B1_max_prob,0.90040016760947,0.3758201814262583,0.00901572564796251,0.8412076979936951
HAR,M1_logreg,B2_entropy,0.8982170542635659,0.3270118495715978,0.00913466721464414,0.840439301021705
HAR,M1_logreg,B3_margin,0.9006411062225016,0.3805775325734583,0.009019759848851307,0.8419030534284236
HAR,M1_logreg,B4_knn_dist,0.5205635868426566,0.11248316914786063,0.056966950926259564,0.6069985479342392
HAR,M1_logreg,B5_mahalanobis,0.5387575948041065,0.1215150258309087,0.05493963699209524,0.6264159101998125
HAR,M1_logreg,B6_conformal_aps,0.7022805363503037,0.10729312314023366,0.02555059251335068,0.6444060408272977
HAR,M1_logreg,ISO_FIT,0.8132704797821076,0.38279395173331293,0.019572744829015495,0.8509923423252335
HAR,M1_logreg,ISO_RAW,0.6335386549340037,0.19006078381252886,0.05651280738566279,0.505339336373809
HAR,M1_logreg,ISO_FROZEN_ORACLE,0.893050492352818,0.49439009290317815,0.009697365931905847,0.8958047862658537
HAR,M1_logreg,COMBO_best_plus_iso,0.8748522941546197,0.46212017622894863,0.013325122929490446,
HAR,M2_rbf_svm,B1_max_prob,0.9166808780755857,0.3144092196530646,0.00599232538707282,0.8408252878834602
HAR,M2_rbf_svm,B2_entropy,0.9130072288700035,0.2950227469467306,0.0061772580450888525,0.8277364413413564
HAR,M2_rbf_svm,B3_margin,0.9166169267354499,0.31461230999695494,0.006012557848853679,0.8469928071964935
HAR,M2_rbf_svm,B4_knn_dist,0.4655397019393836,0.05990552894740049,0.056181462717300075,0.5390701805712599
HAR,M2_rbf_svm,B5_mahalanobis,0.47444551819534053,0.06132740422563707,0.05616823765264006,0.56168968943641
HAR,M2_rbf_svm,B6_conformal_aps,0.660105732882358,0.08395634990762646,0.0281702217845905,0.5494798461810141
HAR,M2_rbf_svm,ISO_FIT,0.8233071843409222,0.40995843808662946,0.016985861156409095,0.8900283864029921
HAR,M2_rbf_svm,ISO_RAW,0.7047200826156572,0.23093734890999998,0.03347730781701787,0.5701186324975553
HAR,M2_rbf_svm,ISO_FROZEN_ORACLE,0.9328653042662649,0.5535040515042371,0.005527763664130904,0.918153855885632
HAR,M2_rbf_svm,COMBO_best_plus_iso,0.9133056684573042,0.45844407714437435,0.007033533559106962,
HAR,M3_random_forest,B1_max_prob,0.8964133854131259,0.3948560800538262,0.012846148993319255,0.8487827005324737
HAR,M3_random_forest,B2_entropy,0.8369699572937461,0.27274984787889683,0.01835934552048045,0.8230234911635833
HAR,M3_random_forest,B3_margin,0.9037054319141178,0.4232217970180276,0.012252267254501308,0.8608260925914181
HAR,M3_random_forest,B4_knn_dist,0.5066809638881851,0.09220191742791511,0.07666678721654863,0.5795691126632786
HAR,M3_random_forest,B5_mahalanobis,0.49533537697076074,0.09173621873307947,0.08017603829189592,0.5959541923688877
HAR,M3_random_forest,B6_conformal_aps,0.5584677045543037,0.09235291751934667,0.06713377849005162,0.5913643294994857
HAR,M3_random_forest,ISO_FIT,0.8519882202431351,0.5950958388456072,0.02405296896567734,0.8853706221201334
HAR,M3_random_forest,ISO_RAW,0.7391503865812129,0.3467640594404341,0.04711022161727304,0.6628842924386524
HAR,M3_random_forest,ISO_FROZEN_ORACLE,0.8242059788755461,0.3760894830900034,0.022904835700766204,0.6937517751422182
HAR,M3_random_forest,COMBO_best_plus_iso,0.9601320741889829,0.7008083632504656,0.006815141875888053,
HAR,M4_hist_gradient_boosting,B1_max_prob,0.9183629538702389,0.4063262526419261,0.008698527466423462,0.8376908429235459
HAR,M4_hist_gradient_boosting,B2_entropy,0.9170233584173916,0.37470847821568876,0.008789174518517911,0.8372324815194219
HAR,M4_hist_gradient_boosting,B3_margin,0.9187578943623135,0.4041846193198352,0.008664565092417927,0.8386167944848971
HAR,M4_hist_gradient_boosting,B4_knn_dist,0.4693280674601057,0.07333155650186146,0.07970604985526507,0.6024499263237877
HAR,M4_hist_gradient_boosting,B5_mahalanobis,0.4666382024870577,0.07262586633888751,0.08256024107049266,0.623946768552101
HAR,M4_hist_gradient_boosting,B6_conformal_aps,0.8149161196207148,0.16872648489217743,0.019156207755721653,0.7573622377880525
HAR,M4_hist_gradient_boosting,ISO_FIT,0.8105032822757111,0.5012468845514664,0.025307536821303465,0.868634852078469
HAR,M4_hist_gradient_boosting,ISO_RAW,0.7462685239543861,0.3731184168211044,0.03808843134693345,0.5979709048177168
HAR,M4_hist_gradient_boosting,ISO_FROZEN_ORACLE,0.7734713846044369,0.3366614481174681,0.026292436299552087,0.7718959858000253
HAR,M4_hist_gradient_boosting,COMBO_best_plus_iso,0.8844354307875683,0.5537302382342706,0.014398529064194067,
