network,scenario_id,true_source,horizon_h,n_total_nodes,rank_true_source,reciprocal_rank,specificity_pct,top1_source,top1_correct,top5_contains_true,posterior_true_source,nll_true_source,posterior_entropy,top1_top2_margin,candidate_set_size,sensor_design,sensor_count
Net3,0,10,1,97,92,0.010869565217391304,5.154639175257736,10,1,1,0.010869565217391304,4.5217885770490405,4.5217885770490405,0.0,92,103;117;119;187;217,5
Net3,0,10,2,97,92,0.010869565217391304,5.154639175257736,10,1,1,0.010869565217391304,4.5217885770490405,4.5217885770490405,0.0,92,103;117;119;187;217,5
Net3,0,10,4,97,1,1.0,98.96907216494846,10,1,1,0.9999978226606846,2.1773416858078935e-06,3.858195812901016e-05,0.9999972139061527,1,103;117;119;187;217,5
Net3,0,10,8,97,1,1.0,98.96907216494846,10,1,1,1.0,-0.0,3.391624513295659e-28,1.0,1,103;117;119;187;217,5
Net3,0,10,16,97,1,1.0,98.96907216494846,10,1,1,1.0,-0.0,1.0507697333827491e-35,1.0,1,103;117;119;187;217,5
Net3,0,10,24,97,1,1.0,98.96907216494846,10,1,1,1.0,-0.0,4.102181416379178e-43,1.0,1,103;117;119;187;217,5
Net3,1,15,1,97,92,0.010869565217391304,5.154639175257736,10,0,1,0.010869565217391304,4.5217885770490405,4.5217885770490405,0.0,92,103;117;119;187;217,5
Net3,1,15,2,97,92,0.010869565217391304,5.154639175257736,10,0,1,0.010869565217391304,4.5217885770490405,4.5217885770490405,0.0,92,103;117;119;187;217,5
Net3,1,15,4,97,74,0.013513513513513514,23.71134020618557,120,0,1,0.013279750642524735,4.321514912028456,4.30114190908438,0.0010008548136452057,74,103;117;119;187;217,5
Net3,1,15,8,97,71,0.014084507042253521,26.80412371134021,120,0,0,0.013665276905450465,4.29289719596179,4.254249438238745,0.0037967082421697176,71,103;117;119;187;217,5
Net3,1,15,16,97,44,0.022727272727272728,54.639175257731964,120,0,0,0.017823707759285774,4.027225811282485,3.6784822871206604,0.015403491570856187,8,103;117;119;187;217,5
Net3,1,15,24,97,44,0.022727272727272728,54.639175257731964,125,0,0,0.0011854039986171636,6.73767163539439,1.5438496152774077,0.015884129375829503,3,103;117;119;187;217,5
Net3,2,20,1,97,92,0.010869565217391304,5.154639175257736,10,0,1,0.010869565217391304,4.5217885770490405,4.5217885770490405,0.0,92,103;117;119;187;217,5
Net3,2,20,2,97,92,0.010869565217391304,5.154639175257736,10,0,1,0.010869565217391304,4.5217885770490405,4.5217885770490405,0.0,92,103;117;119;187;217,5
Net3,2,20,4,97,74,0.013513513513513514,23.71134020618557,120,0,0,0.013279750642524735,4.321514912028456,4.30114190908438,0.0010008548136452057,74,103;117;119;187;217,5
Net3,2,20,8,97,71,0.014084507042253521,26.80412371134021,120,0,0,0.013665276905450465,4.29289719596179,4.254249438238745,0.0037967082421697176,71,103;117;119;187;217,5
Net3,2,20,16,97,3,0.3333333333333333,96.90721649484536,125,0,1,0.32758620688580775,1.1160040314127764,1.0983166893943508,0.01724137930977865,3,103;117;119;187;217,5
Net3,2,20,24,97,3,0.3333333333333333,96.90721649484536,125,0,1,0.327586206896552,1.1160040313799782,1.0983166884877202,0.017241379310344085,3,103;117;119;187;217,5
Net3,3,35,1,97,92,0.010869565217391304,5.154639175257736,10,0,1,0.010869565217391304,4.5217885770490405,4.5217885770490405,0.0,92,103;117;119;187;217,5
Net3,3,35,2,97,92,0.010869565217391304,5.154639175257736,10,0,1,0.010869565217391304,4.5217885770490405,4.5217885770490405,0.0,92,103;117;119;187;217,5
Net3,3,35,4,97,74,0.013513513513513514,23.71134020618557,120,0,0,0.013279750642524735,4.321514912028456,4.30114190908438,0.0010008548136452057,74,103;117;119;187;217,5
Net3,3,35,8,97,71,0.014084507042253521,26.80412371134021,120,0,0,0.013665276905450465,4.29289719596179,4.254249438238745,0.0037967082421697176,71,103;117;119;187;217,5
Net3,3,35,16,97,44,0.022727272727272728,54.639175257731964,120,0,0,0.017823707759285774,4.027225811282485,3.6784822871206604,0.015403491570856187,8,103;117;119;187;217,5
Net3,3,35,24,97,44,0.022727272727272728,54.639175257731964,125,0,0,0.0011854039986171636,6.73767163539439,1.5438496152774077,0.015884129375829503,3,103;117;119;187;217,5
Net3,4,40,1,97,92,0.010869565217391304,5.154639175257736,10,0,1,0.010869565217391304,4.5217885770490405,4.5217885770490405,0.0,92,103;117;119;187;217,5
Net3,4,40,2,97,92,0.010869565217391304,5.154639175257736,10,0,1,0.010869565217391304,4.5217885770490405,4.5217885770490405,0.0,92,103;117;119;187;217,5
Net3,4,40,4,97,74,0.013513513513513514,23.71134020618557,120,0,0,0.013279750642524735,4.321514912028456,4.30114190908438,0.0010008548136452057,74,103;117;119;187;217,5
Net3,4,40,8,97,71,0.014084507042253521,26.80412371134021,120,0,0,0.013665276905450465,4.29289719596179,4.254249438238745,0.0037967082421697176,71,103;117;119;187;217,5
Net3,4,40,16,97,44,0.022727272727272728,54.639175257731964,120,0,0,0.017823707759285774,4.027225811282485,3.6784822871206604,0.015403491570856187,8,103;117;119;187;217,5
Net3,4,40,24,97,44,0.022727272727272728,54.639175257731964,125,0,0,0.0011854039986171636,6.73767163539439,1.5438496152774077,0.015884129375829503,3,103;117;119;187;217,5
Net3,5,50,1,97,92,0.010869565217391304,5.154639175257736,10,0,0,0.010869565217391304,4.5217885770490405,4.5217885770490405,0.0,92,103;117;119;187;217,5
Net3,5,50,2,97,92,0.010869565217391304,5.154639175257736,10,0,0,0.010869565217391304,4.5217885770490405,4.5217885770490405,0.0,92,103;117;119;187;217,5
Net3,5,50,4,97,74,0.013513513513513514,23.71134020618557,120,0,0,0.013279750642524735,4.321514912028456,4.30114190908438,0.0010008548136452057,74,103;117;119;187;217,5
Net3,5,50,8,97,71,0.014084507042253521,26.80412371134021,120,0,0,0.013665276905450465,4.29289719596179,4.254249438238745,0.0037967082421697176,71,103;117;119;187;217,5
Net3,5,50,16,97,44,0.022727272727272728,54.639175257731964,120,0,0,0.017823707759285774,4.027225811282485,3.6784822871206604,0.015403491570856187,8,103;117;119;187;217,5
Net3,5,50,24,97,44,0.022727272727272728,54.639175257731964,125,0,0,0.0011854039986171636,6.73767163539439,1.5438496152774077,0.015884129375829503,3,103;117;119;187;217,5
Net3,6,60,1,97,92,0.010869565217391304,5.154639175257736,10,0,0,0.010869565217391304,4.5217885770490405,4.5217885770490405,0.0,92,103;117;119;187;217,5
Net3,6,60,2,97,92,0.010869565217391304,5.154639175257736,10,0,0,0.010869565217391304,4.5217885770490405,4.5217885770490405,0.0,92,103;117;119;187;217,5
Net3,6,60,4,97,74,0.013513513513513514,23.71134020618557,120,0,1,0.013279750642524735,4.321514912028456,4.30114190908438,0.0010008548136452057,74,103;117;119;187;217,5
Net3,6,60,8,97,2,0.5,97.9381443298969,60,1,1,0.5,0.6931471805599453,0.6931471805599468,0.0,2,103;117;119;187;217,5
Net3,6,60,16,97,2,0.5,97.9381443298969,60,1,1,0.5,0.6931471805599453,0.6931471805599453,0.0,2,103;117;119;187;217,5
Net3,6,60,24,97,2,0.5,97.9381443298969,60,1,1,0.5,0.6931471805599453,0.6931471805599453,0.0,2,103;117;119;187;217,5
Net3,7,601,1,97,92,0.010869565217391304,5.154639175257736,10,0,0,0.010869565217391304,4.5217885770490405,4.5217885770490405,0.0,92,103;117;119;187;217,5
Net3,7,601,2,97,92,0.010869565217391304,5.154639175257736,10,0,0,0.010869565217391304,4.5217885770490405,4.5217885770490405,0.0,92,103;117;119;187;217,5
Net3,7,601,4,97,74,0.013513513513513514,23.71134020618557,120,0,0,0.013279750642524735,4.321514912028456,4.30114190908438,0.0010008548136452057,74,103;117;119;187;217,5
Net3,7,601,8,97,71,0.014084507042253521,26.80412371134021,120,0,1,0.013665276905450465,4.29289719596179,4.254249438238745,0.0037967082421697176,71,103;117;119;187;217,5
Net3,7,601,16,97,44,0.022727272727272728,54.639175257731964,120,0,0,0.017823707759285774,4.027225811282485,3.6784822871206604,0.015403491570856187,8,103;117;119;187;217,5
Net3,7,601,24,97,44,0.022727272727272728,54.639175257731964,125,0,0,0.0011854039986171636,6.73767163539439,1.5438496152774077,0.015884129375829503,3,103;117;119;187;217,5
Net3,8,61,1,97,92,0.010869565217391304,5.154639175257736,10,0,0,0.010869565217391304,4.5217885770490405,4.5217885770490405,0.0,92,103;117;119;187;217,5
Net3,8,61,2,97,92,0.010869565217391304,5.154639175257736,10,0,0,0.010869565217391304,4.5217885770490405,4.5217885770490405,0.0,92,103;117;119;187;217,5
Net3,8,61,4,97,74,0.013513513513513514,23.71134020618557,120,0,0,0.013279750642524735,4.321514912028456,4.30114190908438,0.0010008548136452057,74,103;117;119;187;217,5
Net3,8,61,8,97,2,0.5,97.9381443298969,60,0,1,0.5,0.6931471805599453,0.6931471805599468,0.0,2,103;117;119;187;217,5
Net3,8,61,16,97,2,0.5,97.9381443298969,60,0,1,0.5,0.6931471805599453,0.6931471805599453,0.0,2,103;117;119;187;217,5
Net3,8,61,24,97,2,0.5,97.9381443298969,60,0,1,0.5,0.6931471805599453,0.6931471805599453,0.0,2,103;117;119;187;217,5
Net3,9,101,1,97,92,0.010869565217391304,5.154639175257736,10,0,0,0.010869565217391304,4.5217885770490405,4.5217885770490405,0.0,92,103;117;119;187;217,5
Net3,9,101,2,97,92,0.010869565217391304,5.154639175257736,10,0,0,0.010869565217391304,4.5217885770490405,4.5217885770490405,0.0,92,103;117;119;187;217,5
Net3,9,101,4,97,1,1.0,98.96907216494846,101,1,1,0.9999999999940625,5.937472735712964e-12,1.6363407374704953e-10,0.9999999999908005,1,103;117;119;187;217,5
Net3,9,101,8,97,1,1.0,98.96907216494846,101,1,1,0.9999999999999913,8.659739592076259e-15,2.8669888499398777e-13,0.9999999999999828,1,103;117;119;187;217,5
Net3,9,101,16,97,1,1.0,98.96907216494846,101,1,1,0.9999999999999996,4.440892098500627e-16,1.898259138201971e-14,0.999999999999999,1,103;117;119;187;217,5
Net3,9,101,24,97,1,1.0,98.96907216494846,101,1,1,1.0,-0.0,5.4239520466856716e-17,1.0,1,103;117;119;187;217,5
Net3,10,103,1,97,92,0.010869565217391304,5.154639175257736,10,0,0,0.010869565217391304,4.5217885770490405,4.5217885770490405,0.0,92,103;117;119;187;217,5
Net3,10,103,2,97,92,0.010869565217391304,5.154639175257736,10,0,0,0.010869565217391304,4.5217885770490405,4.5217885770490405,0.0,92,103;117;119;187;217,5
Net3,10,103,4,97,1,1.0,98.96907216494846,103,1,1,0.9999999751359692,2.4864031143347403e-08,4.607695688652293e-07,0.9999999503441973,1,103;117;119;187;217,5
Net3,10,103,8,97,1,1.0,98.96907216494846,103,1,1,0.9999999999237128,7.62871987831881e-11,1.8549586755098195e-09,0.9999999998476183,1,103;117;119;187;217,5
Net3,10,103,16,97,1,1.0,98.96907216494846,103,1,1,0.9999999998790721,1.20927934340138e-10,2.883842613408644e-09,0.999999999758335,1,103;117;119;187;217,5
Net3,10,103,24,97,1,1.0,98.96907216494846,103,1,1,1.0,-0.0,3.1754243502549837e-15,0.9999999999999999,1,103;117;119;187;217,5
Net3,11,105,1,97,92,0.010869565217391304,5.154639175257736,10,0,0,0.010869565217391304,4.5217885770490405,4.5217885770490405,0.0,92,103;117;119;187;217,5
Net3,11,105,2,97,92,0.010869565217391304,5.154639175257736,10,0,0,0.010869565217391304,4.5217885770490405,4.5217885770490405,0.0,92,103;117;119;187;217,5
Net3,11,105,4,97,1,1.0,98.96907216494846,105,1,1,0.9944828060629929,0.005532469864220816,0.03801114566577779,0.9915830165716297,1,103;117;119;187;217,5
Net3,11,105,8,97,1,1.0,98.96907216494846,105,1,1,0.9999995041059063,4.958942166327461e-07,7.69533188752469e-06,0.9999990082707017,1,103;117;119;187;217,5
Net3,11,105,16,97,1,1.0,98.96907216494846,105,1,1,0.999999359124672,6.408755333891593e-07,9.780833423558425e-06,0.9999987183294433,1,103;117;119;187;217,5
Net3,11,105,24,97,1,1.0,98.96907216494846,105,1,1,0.9999999983980008,1.6019992012459344e-09,3.404583682757664e-08,0.9999999967960117,1,103;117;119;187;217,5
Net3,12,107,1,97,92,0.010869565217391304,5.154639175257736,10,0,0,0.010869565217391304,4.5217885770490405,4.5217885770490405,0.0,92,103;117;119;187;217,5
Net3,12,107,2,97,92,0.010869565217391304,5.154639175257736,10,0,0,0.010869565217391304,4.5217885770490405,4.5217885770490405,0.0,92,103;117;119;187;217,5
Net3,12,107,4,97,1,1.0,98.96907216494846,107,1,1,0.984273703621595,0.01585126652057277,0.13959146484959856,0.9815471836669646,1,103;117;119;187;217,5
Net3,12,107,8,97,1,1.0,98.96907216494846,107,1,1,0.9999999653496953,3.4650305336916074e-08,6.575862668017993e-07,0.9999999480366765,1,103;117;119;187;217,5
Net3,12,107,16,97,1,1.0,98.96907216494846,107,1,1,0.9999999999990128,9.872103134971765e-13,2.971136781052837e-11,0.999999999998726,1,103;117;119;187;217,5
Net3,12,107,24,97,1,1.0,98.96907216494846,107,1,1,0.9999999999994302,5.697664562377927e-13,1.681140813150114e-11,0.9999999999988995,1,103;117;119;187;217,5
Net3,13,109,1,97,92,0.010869565217391304,5.154639175257736,10,0,0,0.010869565217391304,4.5217885770490405,4.5217885770490405,0.0,92,103;117;119;187;217,5
Net3,13,109,2,97,92,0.010869565217391304,5.154639175257736,10,0,0,0.010869565217391304,4.5217885770490405,4.5217885770490405,0.0,92,103;117;119;187;217,5
Net3,13,109,4,97,1,1.0,98.96907216494846,109,1,1,0.9043923032010276,0.10049204900703079,0.4025062506870103,0.8591726880409762,1,103;117;119;187;217,5
Net3,13,109,8,97,1,1.0,98.96907216494846,109,1,1,0.9914027662503674,0.008634403153069093,0.05888336768050353,0.9880310695315822,1,103;117;119;187;217,5
Net3,13,109,16,97,1,1.0,98.96907216494846,109,1,1,0.9968378356867031,0.0031671745197209226,0.02282486259781708,0.9940765120421416,1,103;117;119;187;217,5
Net3,13,109,24,97,1,1.0,98.96907216494846,109,1,1,0.9998116155565222,0.0001884021900558893,0.001804176729950374,0.9996232335802515,1,103;117;119;187;217,5
Net3,14,111,1,97,92,0.010869565217391304,5.154639175257736,10,0,0,0.010869565217391304,4.5217885770490405,4.5217885770490405,0.0,92,103;117;119;187;217,5
Net3,14,111,2,97,92,0.010869565217391304,5.154639175257736,10,0,0,0.010869565217391304,4.5217885770490405,4.5217885770490405,0.0,92,103;117;119;187;217,5
Net3,14,111,4,97,2,0.5,97.9381443298969,109,0,1,0.4615682182462009,0.773125417444999,0.909902803757219,0.02429306411822091,2,103;117;119;187;217,5
Net3,14,111,8,97,1,1.0,98.96907216494846,111,1,1,0.9415744000101107,0.060201911160431505,0.24743315741859576,0.8894096133059494,1,103;117;119;187;217,5
Net3,14,111,16,97,1,1.0,98.96907216494846,111,1,1,0.9998403343887446,0.0001596783591660173,0.001604573129952205,0.9996945638195088,1,103;117;119;187;217,5
Net3,14,111,24,97,1,1.0,98.96907216494846,111,1,1,0.9999999999544134,4.5586645570567696e-11,1.131302132344725e-09,0.9999999999088528,1,103;117;119;187;217,5
Net3,15,113,1,97,92,0.010869565217391304,5.154639175257736,10,0,0,0.010869565217391304,4.5217885770490405,4.5217885770490405,0.0,92,103;117;119;187;217,5
Net3,15,113,2,97,92,0.010869565217391304,5.154639175257736,10,0,0,0.010869565217391304,4.5217885770490405,4.5217885770490405,0.0,92,103;117;119;187;217,5
Net3,15,113,4,97,74,0.013513513513513514,23.71134020618557,120,0,0,0.013279750642524735,4.321514912028456,4.30114190908438,0.0010008548136452057,74,103;117;119;187;217,5
Net3,15,113,8,97,71,0.014084507042253521,26.80412371134021,120,0,0,0.013665276905450465,4.29289719596179,4.254249438238745,0.0037967082421697176,71,103;117;119;187;217,5
Net3,15,113,16,97,2,0.5,97.9381443298969,120,0,1,0.30764905730938347,1.1787955699661588,0.8952967861817872,0.3231995006120229,2,103;117;119;187;217,5
Net3,15,113,24,97,1,1.0,98.96907216494846,113,1,1,0.9390401839015023,0.06289700633222904,0.23139611217909495,0.8783614996387809,1,103;117;119;187;217,5
Net3,16,115,1,97,92,0.010869565217391304,5.154639175257736,10,0,0,0.010869565217391304,4.5217885770490405,4.5217885770490405,0.0,92,103;117;119;187;217,5
Net3,16,115,2,97,92,0.010869565217391304,5.154639175257736,10,0,0,0.010869565217391304,4.5217885770490405,4.5217885770490405,0.0,92,103;117;119;187;217,5
Net3,16,115,4,97,2,0.5,97.9381443298969,109,0,1,0.4620406003361426,0.7721025122461165,0.9044567274967736,0.024317926333480955,2,103;117;119;187;217,5
Net3,16,115,8,97,1,1.0,98.96907216494846,115,1,1,0.8900229050248554,0.11650808060413269,0.42304229774377977,0.8294846977356872,1,103;117;119;187;217,5
Net3,16,115,16,97,1,1.0,98.96907216494846,115,1,1,0.9924174011713138,0.007611492885212821,0.049541061629181884,0.9875842819244404,1,103;117;119;187;217,5
Net3,16,115,24,97,1,1.0,98.96907216494846,115,1,1,0.9913681851089414,0.008669284783149217,0.05546820887814757,0.9862860698294835,1,103;117;119;187;217,5
Net3,17,117,1,97,92,0.010869565217391304,5.154639175257736,10,0,0,0.010869565217391304,4.5217885770490405,4.5217885770490405,0.0,92,103;117;119;187;217,5
Net3,17,117,2,97,92,0.010869565217391304,5.154639175257736,10,0,0,0.010869565217391304,4.5217885770490405,4.5217885770490405,0.0,92,103;117;119;187;217,5
Net3,17,117,4,97,1,1.0,98.96907216494846,117,1,1,0.8879684015908148,0.11881912041721268,0.43961034233303886,0.8305898621000551,1,103;117;119;187;217,5
Net3,17,117,8,97,1,1.0,98.96907216494846,117,1,1,0.9257227508515321,0.07718049429455666,0.2815653180153952,0.855953814955723,1,103;117;119;187;217,5
Net3,17,117,16,97,1,1.0,98.96907216494846,117,1,1,0.9105717692580795,0.09368255891424611,0.3209741426177183,0.8263157527564889,1,103;117;119;187;217,5
Net3,17,117,24,97,1,1.0,98.96907216494846,117,1,1,0.9060476033442438,0.09866343199689226,0.33309168889846974,0.8177977176582774,1,103;117;119;187;217,5
Net3,18,119,1,97,92,0.010869565217391304,5.154639175257736,10,0,0,0.010869565217391304,4.5217885770490405,4.5217885770490405,0.0,92,103;117;119;187;217,5
Net3,18,119,2,97,92,0.010869565217391304,5.154639175257736,10,0,0,0.010869565217391304,4.5217885770490405,4.5217885770490405,0.0,92,103;117;119;187;217,5
Net3,18,119,4,97,3,0.3333333333333333,96.90721649484536,121,0,1,0.31660908988385394,1.150087421006587,1.2820891357979742,0.0,3,103;117;119;187;217,5
Net3,18,119,8,97,2,0.5,97.9381443298969,121,0,1,0.40261998435206064,0.9097621287767362,1.0665983810154633,0.09169173437577083,2,103;117;119;187;217,5
Net3,18,119,16,97,1,1.0,98.96907216494846,119,1,1,0.8939608530069736,0.11209329335017448,0.39094015814081845,0.8023054584008876,1,103;117;119;187;217,5
Net3,18,119,24,97,2,0.5,97.9381443298969,121,0,1,0.054722676876877534,2.905477087330783,0.3931605398606746,0.8455414403795861,1,103;117;119;187;217,5
Net3,19,120,1,97,92,0.010869565217391304,5.154639175257736,10,0,0,0.010869565217391304,4.5217885770490405,4.5217885770490405,0.0,92,103;117;119;187;217,5
Net3,19,120,2,97,92,0.010869565217391304,5.154639175257736,10,0,0,0.010869565217391304,4.5217885770490405,4.5217885770490405,0.0,92,103;117;119;187;217,5
Net3,19,120,4,97,1,1.0,98.96907216494846,120,1,1,0.9501187623362801,0.05116828921546461,0.2077149317309463,0.9026128242194661,1,103;117;119;187;217,5
Net3,19,120,8,97,1,1.0,98.96907216494846,120,1,1,0.9998747032012486,0.00012530464905103578,0.0012532437386638432,0.9997497188633484,1,103;117;119;187;217,5
Net3,19,120,16,97,1,1.0,98.96907216494846,120,1,1,0.999993749257822,6.250761713941467e-06,8.115998322253346e-05,0.9999874992968891,1,103;117;119;187;217,5
Net3,19,120,24,97,1,1.0,98.96907216494846,120,1,1,1.0,-0.0,1.8555746883030326e-18,1.0,1,103;117;119;187;217,5
Net3,20,121,1,97,92,0.010869565217391304,5.154639175257736,10,0,0,0.010869565217391304,4.5217885770490405,4.5217885770490405,0.0,92,103;117;119;187;217,5
Net3,20,121,2,97,92,0.010869565217391304,5.154639175257736,10,0,0,0.010869565217391304,4.5217885770490405,4.5217885770490405,0.0,92,103;117;119;187;217,5
Net3,20,121,4,97,3,0.3333333333333333,96.90721649484536,121,1,1,0.31660908988385394,1.150087421006587,1.2820891357979742,0.0,3,103;117;119;187;217,5
Net3,20,121,8,97,1,1.0,98.96907216494846,121,1,1,0.9450194867555314,0.05654973079567803,0.24069247247560546,0.8977685124177548,1,103;117;119;187;217,5
Net3,20,121,16,97,1,1.0,98.96907216494846,121,1,1,0.9523809523809516,0.048790164169432874,0.19144408195774837,0.904761904761904,1,103;117;119;187;217,5
Net3,20,121,24,97,1,1.0,98.96907216494846,121,1,1,0.9523809523809523,0.048790164169432056,0.1914440819577174,0.9047619047619047,1,103;117;119;187;217,5
Net3,21,123,1,97,92,0.010869565217391304,5.154639175257736,10,0,0,0.010869565217391304,4.5217885770490405,4.5217885770490405,0.0,92,103;117;119;187;217,5
Net3,21,123,2,97,92,0.010869565217391304,5.154639175257736,10,0,0,0.010869565217391304,4.5217885770490405,4.5217885770490405,0.0,92,103;117;119;187;217,5
Net3,21,123,4,97,3,0.3333333333333333,96.90721649484536,121,0,1,0.31660908988385394,1.150087421006587,1.2820891357979742,0.0,3,103;117;119;187;217,5
Net3,21,123,8,97,2,0.5,97.9381443298969,121,0,1,0.48514455764047676,0.7233083754641407,0.7199157227482529,0.025533924086340642,2,103;117;119;187;217,5
Net3,21,123,16,97,2,0.5,97.9381443298969,121,0,1,0.48717948717948706,0.7191226669632063,0.6928184134311457,0.025641025641025383,2,103;117;119;187;217,5
Net3,21,123,24,97,2,0.5,97.9381443298969,121,0,1,0.48717948717948684,0.7191226669632067,0.6928184134311288,0.025641025641026383,2,103;117;119;187;217,5
Net3,22,125,1,97,92,0.010869565217391304,5.154639175257736,10,0,0,0.010869565217391304,4.5217885770490405,4.5217885770490405,0.0,92,103;117;119;187;217,5
Net3,22,125,2,97,92,0.010869565217391304,5.154639175257736,10,0,0,0.010869565217391304,4.5217885770490405,4.5217885770490405,0.0,92,103;117;119;187;217,5
Net3,22,125,4,97,74,0.013513513513513514,23.71134020618557,120,0,0,0.013279750642524735,4.321514912028456,4.30114190908438,0.0010008548136452057,74,103;117;119;187;217,5
Net3,22,125,8,97,71,0.014084507042253521,26.80412371134021,120,0,0,0.013665276905450465,4.29289719596179,4.254249438238745,0.0037967082421697176,71,103;117;119;187;217,5
Net3,22,125,16,97,1,1.0,98.96907216494846,125,1,1,0.9090909090867716,0.09531017980887611,0.36764947753825644,0.863636363632433,1,103;117;119;187;217,5
Net3,22,125,24,97,1,1.0,98.96907216494846,125,1,1,0.9090909090909091,0.0953101798043249,0.3676494774001423,0.8636363636363635,1,103;117;119;187;217,5
Net3,23,127,1,97,92,0.010869565217391304,5.154639175257736,10,0,0,0.010869565217391304,4.5217885770490405,4.5217885770490405,0.0,92,103;117;119;187;217,5
Net3,23,127,2,97,92,0.010869565217391304,5.154639175257736,10,0,0,0.010869565217391304,4.5217885770490405,4.5217885770490405,0.0,92,103;117;119;187;217,5
Net3,23,127,4,97,74,0.013513513513513514,23.71134020618557,120,0,0,0.013279750642524735,4.321514912028456,4.30114190908438,0.0010008548136452057,74,103;117;119;187;217,5
Net3,23,127,8,97,71,0.014084507042253521,26.80412371134021,120,0,0,0.013665276905450465,4.29289719596179,4.254249438238745,0.0037967082421697176,71,103;117;119;187;217,5
Net3,23,127,16,97,3,0.3333333333333333,96.90721649484536,125,0,1,0.32758620688580775,1.1160040314127764,1.0983166893943508,0.01724137930977865,3,103;117;119;187;217,5
Net3,23,127,24,97,3,0.3333333333333333,96.90721649484536,125,0,1,0.327586206896552,1.1160040313799782,1.0983166884877202,0.017241379310344085,3,103;117;119;187;217,5
Net3,24,129,1,97,92,0.010869565217391304,5.154639175257736,10,0,0,0.010869565217391304,4.5217885770490405,4.5217885770490405,0.0,92,103;117;119;187;217,5
Net3,24,129,2,97,92,0.010869565217391304,5.154639175257736,10,0,0,0.010869565217391304,4.5217885770490405,4.5217885770490405,0.0,92,103;117;119;187;217,5
Net3,24,129,4,97,74,0.013513513513513514,23.71134020618557,120,0,0,0.013279750642524735,4.321514912028456,4.30114190908438,0.0010008548136452057,74,103;117;119;187;217,5
Net3,24,129,8,97,71,0.014084507042253521,26.80412371134021,120,0,0,0.013665276905450465,4.29289719596179,4.254249438238745,0.0037967082421697176,71,103;117;119;187;217,5
Net3,24,129,16,97,44,0.022727272727272728,54.639175257731964,120,0,0,0.017823707759285774,4.027225811282485,3.6784822871206604,0.015403491570856187,8,103;117;119;187;217,5
Net3,24,129,24,97,44,0.022727272727272728,54.639175257731964,125,0,0,0.0011854039986171636,6.73767163539439,1.5438496152774077,0.015884129375829503,3,103;117;119;187;217,5
Net3,25,131,1,97,92,0.010869565217391304,5.154639175257736,10,0,0,0.010869565217391304,4.5217885770490405,4.5217885770490405,0.0,92,103;117;119;187;217,5
Net3,25,131,2,97,92,0.010869565217391304,5.154639175257736,10,0,0,0.010869565217391304,4.5217885770490405,4.5217885770490405,0.0,92,103;117;119;187;217,5
Net3,25,131,4,97,74,0.013513513513513514,23.71134020618557,120,0,0,0.013279750642524735,4.321514912028456,4.30114190908438,0.0010008548136452057,74,103;117;119;187;217,5
Net3,25,131,8,97,71,0.014084507042253521,26.80412371134021,120,0,0,0.013665276905450465,4.29289719596179,4.254249438238745,0.0037967082421697176,71,103;117;119;187;217,5
Net3,25,131,16,97,44,0.022727272727272728,54.639175257731964,120,0,0,0.017823707759285774,4.027225811282485,3.6784822871206604,0.015403491570856187,8,103;117;119;187;217,5
Net3,25,131,24,97,44,0.022727272727272728,54.639175257731964,125,0,0,0.0011854039986171636,6.73767163539439,1.5438496152774077,0.015884129375829503,3,103;117;119;187;217,5
Net3,26,139,1,97,92,0.010869565217391304,5.154639175257736,10,0,0,0.010869565217391304,4.5217885770490405,4.5217885770490405,0.0,92,103;117;119;187;217,5
Net3,26,139,2,97,92,0.010869565217391304,5.154639175257736,10,0,0,0.010869565217391304,4.5217885770490405,4.5217885770490405,0.0,92,103;117;119;187;217,5
Net3,26,139,4,97,74,0.013513513513513514,23.71134020618557,120,0,0,0.013279750642524735,4.321514912028456,4.30114190908438,0.0010008548136452057,74,103;117;119;187;217,5
Net3,26,139,8,97,71,0.014084507042253521,26.80412371134021,120,0,0,0.013665276905450465,4.29289719596179,4.254249438238745,0.0037967082421697176,71,103;117;119;187;217,5
Net3,26,139,16,97,44,0.022727272727272728,54.639175257731964,120,0,0,0.017823707759285774,4.027225811282485,3.6784822871206604,0.015403491570856187,8,103;117;119;187;217,5
Net3,26,139,24,97,44,0.022727272727272728,54.639175257731964,125,0,0,0.0011854039986171636,6.73767163539439,1.5438496152774077,0.015884129375829503,3,103;117;119;187;217,5
Net3,27,141,1,97,92,0.010869565217391304,5.154639175257736,10,0,0,0.010869565217391304,4.5217885770490405,4.5217885770490405,0.0,92,103;117;119;187;217,5
Net3,27,141,2,97,92,0.010869565217391304,5.154639175257736,10,0,0,0.010869565217391304,4.5217885770490405,4.5217885770490405,0.0,92,103;117;119;187;217,5
Net3,27,141,4,97,74,0.013513513513513514,23.71134020618557,120,0,0,0.013279750642524735,4.321514912028456,4.30114190908438,0.0010008548136452057,74,103;117;119;187;217,5
Net3,27,141,8,97,71,0.014084507042253521,26.80412371134021,120,0,0,0.013665276905450465,4.29289719596179,4.254249438238745,0.0037967082421697176,71,103;117;119;187;217,5
Net3,27,141,16,97,44,0.022727272727272728,54.639175257731964,120,0,0,0.017823707759285774,4.027225811282485,3.6784822871206604,0.015403491570856187,8,103;117;119;187;217,5
Net3,27,141,24,97,44,0.022727272727272728,54.639175257731964,125,0,0,0.0011854039986171636,6.73767163539439,1.5438496152774077,0.015884129375829503,3,103;117;119;187;217,5
Net3,28,143,1,97,92,0.010869565217391304,5.154639175257736,10,0,0,0.010869565217391304,4.5217885770490405,4.5217885770490405,0.0,92,103;117;119;187;217,5
Net3,28,143,2,97,92,0.010869565217391304,5.154639175257736,10,0,0,0.010869565217391304,4.5217885770490405,4.5217885770490405,0.0,92,103;117;119;187;217,5
Net3,28,143,4,97,74,0.013513513513513514,23.71134020618557,120,0,0,0.013279750642524735,4.321514912028456,4.30114190908438,0.0010008548136452057,74,103;117;119;187;217,5
Net3,28,143,8,97,71,0.014084507042253521,26.80412371134021,120,0,0,0.013665276905450465,4.29289719596179,4.254249438238745,0.0037967082421697176,71,103;117;119;187;217,5
Net3,28,143,16,97,44,0.022727272727272728,54.639175257731964,120,0,0,0.017823707759285774,4.027225811282485,3.6784822871206604,0.015403491570856187,8,103;117;119;187;217,5
Net3,28,143,24,97,44,0.022727272727272728,54.639175257731964,125,0,0,0.0011854039986171636,6.73767163539439,1.5438496152774077,0.015884129375829503,3,103;117;119;187;217,5
Net3,29,145,1,97,92,0.010869565217391304,5.154639175257736,10,0,0,0.010869565217391304,4.5217885770490405,4.5217885770490405,0.0,92,103;117;119;187;217,5
Net3,29,145,2,97,92,0.010869565217391304,5.154639175257736,10,0,0,0.010869565217391304,4.5217885770490405,4.5217885770490405,0.0,92,103;117;119;187;217,5
Net3,29,145,4,97,74,0.013513513513513514,23.71134020618557,120,0,0,0.013279750642524735,4.321514912028456,4.30114190908438,0.0010008548136452057,74,103;117;119;187;217,5
Net3,29,145,8,97,71,0.014084507042253521,26.80412371134021,120,0,0,0.013665276905450465,4.29289719596179,4.254249438238745,0.0037967082421697176,71,103;117;119;187;217,5
Net3,29,145,16,97,44,0.022727272727272728,54.639175257731964,120,0,0,0.017823707759285774,4.027225811282485,3.6784822871206604,0.015403491570856187,8,103;117;119;187;217,5
Net3,29,145,24,97,44,0.022727272727272728,54.639175257731964,125,0,0,0.0011854039986171636,6.73767163539439,1.5438496152774077,0.015884129375829503,3,103;117;119;187;217,5
Net3,30,147,1,97,92,0.010869565217391304,5.154639175257736,10,0,0,0.010869565217391304,4.5217885770490405,4.5217885770490405,0.0,92,103;117;119;187;217,5
Net3,30,147,2,97,92,0.010869565217391304,5.154639175257736,10,0,0,0.010869565217391304,4.5217885770490405,4.5217885770490405,0.0,92,103;117;119;187;217,5
Net3,30,147,4,97,74,0.013513513513513514,23.71134020618557,120,0,0,0.013279750642524735,4.321514912028456,4.30114190908438,0.0010008548136452057,74,103;117;119;187;217,5
Net3,30,147,8,97,71,0.014084507042253521,26.80412371134021,120,0,0,0.013665276905450465,4.29289719596179,4.254249438238745,0.0037967082421697176,71,103;117;119;187;217,5
Net3,30,147,16,97,44,0.022727272727272728,54.639175257731964,120,0,0,0.017823707759285774,4.027225811282485,3.6784822871206604,0.015403491570856187,8,103;117;119;187;217,5
Net3,30,147,24,97,44,0.022727272727272728,54.639175257731964,125,0,0,0.0011854039986171636,6.73767163539439,1.5438496152774077,0.015884129375829503,3,103;117;119;187;217,5
Net3,31,149,1,97,92,0.010869565217391304,5.154639175257736,10,0,0,0.010869565217391304,4.5217885770490405,4.5217885770490405,0.0,92,103;117;119;187;217,5
Net3,31,149,2,97,92,0.010869565217391304,5.154639175257736,10,0,0,0.010869565217391304,4.5217885770490405,4.5217885770490405,0.0,92,103;117;119;187;217,5
Net3,31,149,4,97,74,0.013513513513513514,23.71134020618557,120,0,0,0.013279750642524735,4.321514912028456,4.30114190908438,0.0010008548136452057,74,103;117;119;187;217,5
Net3,31,149,8,97,71,0.014084507042253521,26.80412371134021,120,0,0,0.013665276905450465,4.29289719596179,4.254249438238745,0.0037967082421697176,71,103;117;119;187;217,5
Net3,31,149,16,97,44,0.022727272727272728,54.639175257731964,120,0,0,0.017823707759285774,4.027225811282485,3.6784822871206604,0.015403491570856187,8,103;117;119;187;217,5
Net3,31,149,24,97,44,0.022727272727272728,54.639175257731964,125,0,0,0.0011854039986171636,6.73767163539439,1.5438496152774077,0.015884129375829503,3,103;117;119;187;217,5
Net3,32,151,1,97,92,0.010869565217391304,5.154639175257736,10,0,0,0.010869565217391304,4.5217885770490405,4.5217885770490405,0.0,92,103;117;119;187;217,5
Net3,32,151,2,97,92,0.010869565217391304,5.154639175257736,10,0,0,0.010869565217391304,4.5217885770490405,4.5217885770490405,0.0,92,103;117;119;187;217,5
Net3,32,151,4,97,74,0.013513513513513514,23.71134020618557,120,0,0,0.013279750642524735,4.321514912028456,4.30114190908438,0.0010008548136452057,74,103;117;119;187;217,5
Net3,32,151,8,97,71,0.014084507042253521,26.80412371134021,120,0,0,0.013665276905450465,4.29289719596179,4.254249438238745,0.0037967082421697176,71,103;117;119;187;217,5
Net3,32,151,16,97,44,0.022727272727272728,54.639175257731964,120,0,0,0.017823707759285774,4.027225811282485,3.6784822871206604,0.015403491570856187,8,103;117;119;187;217,5
Net3,32,151,24,97,44,0.022727272727272728,54.639175257731964,125,0,0,0.0011854039986171636,6.73767163539439,1.5438496152774077,0.015884129375829503,3,103;117;119;187;217,5
Net3,33,153,1,97,92,0.010869565217391304,5.154639175257736,10,0,0,0.010869565217391304,4.5217885770490405,4.5217885770490405,0.0,92,103;117;119;187;217,5
Net3,33,153,2,97,92,0.010869565217391304,5.154639175257736,10,0,0,0.010869565217391304,4.5217885770490405,4.5217885770490405,0.0,92,103;117;119;187;217,5
Net3,33,153,4,97,74,0.013513513513513514,23.71134020618557,120,0,0,0.013279750642524735,4.321514912028456,4.30114190908438,0.0010008548136452057,74,103;117;119;187;217,5
Net3,33,153,8,97,71,0.014084507042253521,26.80412371134021,120,0,0,0.013665276905450465,4.29289719596179,4.254249438238745,0.0037967082421697176,71,103;117;119;187;217,5
Net3,33,153,16,97,44,0.022727272727272728,54.639175257731964,120,0,0,0.017823707759285774,4.027225811282485,3.6784822871206604,0.015403491570856187,8,103;117;119;187;217,5
Net3,33,153,24,97,44,0.022727272727272728,54.639175257731964,125,0,0,0.0011854039986171636,6.73767163539439,1.5438496152774077,0.015884129375829503,3,103;117;119;187;217,5
Net3,34,157,1,97,92,0.010869565217391304,5.154639175257736,10,0,0,0.010869565217391304,4.5217885770490405,4.5217885770490405,0.0,92,103;117;119;187;217,5
Net3,34,157,2,97,92,0.010869565217391304,5.154639175257736,10,0,0,0.010869565217391304,4.5217885770490405,4.5217885770490405,0.0,92,103;117;119;187;217,5
Net3,34,157,4,97,74,0.013513513513513514,23.71134020618557,120,0,0,0.013279750642524735,4.321514912028456,4.30114190908438,0.0010008548136452057,74,103;117;119;187;217,5
Net3,34,157,8,97,71,0.014084507042253521,26.80412371134021,120,0,0,0.013665276905450465,4.29289719596179,4.254249438238745,0.0037967082421697176,71,103;117;119;187;217,5
Net3,34,157,16,97,1,1.0,98.96907216494846,157,1,1,0.8476619094665325,0.16527341435571244,0.6320140232391692,0.7692269983007995,1,103;117;119;187;217,5
Net3,34,157,24,97,1,1.0,98.96907216494846,157,1,1,0.9363123548046232,0.06580614577604092,0.2840323081064657,0.8844390941506273,1,103;117;119;187;217,5
Net3,35,159,1,97,92,0.010869565217391304,5.154639175257736,10,0,0,0.010869565217391304,4.5217885770490405,4.5217885770490405,0.0,92,103;117;119;187;217,5
Net3,35,159,2,97,92,0.010869565217391304,5.154639175257736,10,0,0,0.010869565217391304,4.5217885770490405,4.5217885770490405,0.0,92,103;117;119;187;217,5
Net3,35,159,4,97,74,0.013513513513513514,23.71134020618557,120,0,0,0.013279750642524735,4.321514912028456,4.30114190908438,0.0010008548136452057,74,103;117;119;187;217,5
Net3,35,159,8,97,71,0.014084507042253521,26.80412371134021,120,0,0,0.013665276905450465,4.29289719596179,4.254249438238745,0.0037967082421697176,71,103;117;119;187;217,5
Net3,35,159,16,97,1,1.0,98.96907216494846,159,1,1,0.8090806911295371,0.21185662508104375,0.7806966298831574,0.7618970963705612,1,103;117;119;187;217,5
Net3,35,159,24,97,1,1.0,98.96907216494846,159,1,1,0.8127531590157241,0.20732783298226895,0.7522474784178277,0.7653553949675699,1,103;117;119;187;217,5
Net3,36,161,1,97,92,0.010869565217391304,5.154639175257736,10,0,0,0.010869565217391304,4.5217885770490405,4.5217885770490405,0.0,92,103;117;119;187;217,5
Net3,36,161,2,97,92,0.010869565217391304,5.154639175257736,10,0,0,0.010869565217391304,4.5217885770490405,4.5217885770490405,0.0,92,103;117;119;187;217,5
Net3,36,161,4,97,74,0.013513513513513514,23.71134020618557,120,0,0,0.013279750642524735,4.321514912028456,4.30114190908438,0.0010008548136452057,74,103;117;119;187;217,5
Net3,36,161,8,97,71,0.014084507042253521,26.80412371134021,120,0,0,0.013665276905450465,4.29289719596179,4.254249438238745,0.0037967082421697176,71,103;117;119;187;217,5
Net3,36,161,16,97,4,0.25,95.87628865979381,169,0,1,0.24307937152072823,1.4143672572015888,1.400810992953201,0.0,4,103;117;119;187;217,5
Net3,36,161,24,97,4,0.25,95.87628865979381,169,0,1,0.2430958722522402,1.4142993774330088,1.400142491364733,0.0,4,103;117;119;187;217,5
Net3,37,163,1,97,92,0.010869565217391304,5.154639175257736,10,0,0,0.010869565217391304,4.5217885770490405,4.5217885770490405,0.0,92,103;117;119;187;217,5
Net3,37,163,2,97,92,0.010869565217391304,5.154639175257736,10,0,0,0.010869565217391304,4.5217885770490405,4.5217885770490405,0.0,92,103;117;119;187;217,5
Net3,37,163,4,97,74,0.013513513513513514,23.71134020618557,120,0,0,0.013279750642524735,4.321514912028456,4.30114190908438,0.0010008548136452057,74,103;117;119;187;217,5
Net3,37,163,8,97,71,0.014084507042253521,26.80412371134021,120,0,0,0.013665276905450465,4.29289719596179,4.254249438238745,0.0037967082421697176,71,103;117;119;187;217,5
Net3,37,163,16,97,4,0.25,95.87628865979381,169,0,1,0.24307937152072823,1.4143672572015888,1.400810992953201,0.0,4,103;117;119;187;217,5
Net3,37,163,24,97,4,0.25,95.87628865979381,169,0,1,0.2430958722522402,1.4142993774330088,1.400142491364733,0.0,4,103;117;119;187;217,5
Net3,38,164,1,97,92,0.010869565217391304,5.154639175257736,10,0,0,0.010869565217391304,4.5217885770490405,4.5217885770490405,0.0,92,103;117;119;187;217,5
Net3,38,164,2,97,92,0.010869565217391304,5.154639175257736,10,0,0,0.010869565217391304,4.5217885770490405,4.5217885770490405,0.0,92,103;117;119;187;217,5
Net3,38,164,4,97,74,0.013513513513513514,23.71134020618557,120,0,0,0.013279750642524735,4.321514912028456,4.30114190908438,0.0010008548136452057,74,103;117;119;187;217,5
Net3,38,164,8,97,71,0.014084507042253521,26.80412371134021,120,0,0,0.013665276905450465,4.29289719596179,4.254249438238745,0.0037967082421697176,71,103;117;119;187;217,5
Net3,38,164,16,97,44,0.022727272727272728,54.639175257731964,120,0,0,0.017823707759285774,4.027225811282485,3.6784822871206604,0.015403491570856187,8,103;117;119;187;217,5
Net3,38,164,24,97,44,0.022727272727272728,54.639175257731964,125,0,0,0.0011854039986171636,6.73767163539439,1.5438496152774077,0.015884129375829503,3,103;117;119;187;217,5
Net3,39,166,1,97,92,0.010869565217391304,5.154639175257736,10,0,0,0.010869565217391304,4.5217885770490405,4.5217885770490405,0.0,92,103;117;119;187;217,5
Net3,39,166,2,97,92,0.010869565217391304,5.154639175257736,10,0,0,0.010869565217391304,4.5217885770490405,4.5217885770490405,0.0,92,103;117;119;187;217,5
Net3,39,166,4,97,74,0.013513513513513514,23.71134020618557,120,0,0,0.013279750642524735,4.321514912028456,4.30114190908438,0.0010008548136452057,74,103;117;119;187;217,5
Net3,39,166,8,97,71,0.014084507042253521,26.80412371134021,120,0,0,0.013665276905450465,4.29289719596179,4.254249438238745,0.0037967082421697176,71,103;117;119;187;217,5
Net3,39,166,16,97,44,0.022727272727272728,54.639175257731964,120,0,0,0.017823707759285774,4.027225811282485,3.6784822871206604,0.015403491570856187,8,103;117;119;187;217,5
Net3,39,166,24,97,44,0.022727272727272728,54.639175257731964,125,0,0,0.0011854039986171636,6.73767163539439,1.5438496152774077,0.015884129375829503,3,103;117;119;187;217,5
Net3,40,167,1,97,92,0.010869565217391304,5.154639175257736,10,0,0,0.010869565217391304,4.5217885770490405,4.5217885770490405,0.0,92,103;117;119;187;217,5
Net3,40,167,2,97,92,0.010869565217391304,5.154639175257736,10,0,0,0.010869565217391304,4.5217885770490405,4.5217885770490405,0.0,92,103;117;119;187;217,5
Net3,40,167,4,97,74,0.013513513513513514,23.71134020618557,120,0,0,0.013279750642524735,4.321514912028456,4.30114190908438,0.0010008548136452057,74,103;117;119;187;217,5
Net3,40,167,8,97,71,0.014084507042253521,26.80412371134021,120,0,0,0.013665276905450465,4.29289719596179,4.254249438238745,0.0037967082421697176,71,103;117;119;187;217,5
Net3,40,167,16,97,44,0.022727272727272728,54.639175257731964,120,0,0,0.017823707759285774,4.027225811282485,3.6784822871206604,0.015403491570856187,8,103;117;119;187;217,5
Net3,40,167,24,97,44,0.022727272727272728,54.639175257731964,125,0,0,0.0011854039986171636,6.73767163539439,1.5438496152774077,0.015884129375829503,3,103;117;119;187;217,5
Net3,41,169,1,97,92,0.010869565217391304,5.154639175257736,10,0,0,0.010869565217391304,4.5217885770490405,4.5217885770490405,0.0,92,103;117;119;187;217,5
Net3,41,169,2,97,92,0.010869565217391304,5.154639175257736,10,0,0,0.010869565217391304,4.5217885770490405,4.5217885770490405,0.0,92,103;117;119;187;217,5
Net3,41,169,4,97,74,0.013513513513513514,23.71134020618557,120,0,0,0.013279750642524735,4.321514912028456,4.30114190908438,0.0010008548136452057,74,103;117;119;187;217,5
Net3,41,169,8,97,71,0.014084507042253521,26.80412371134021,120,0,0,0.013665276905450465,4.29289719596179,4.254249438238745,0.0037967082421697176,71,103;117;119;187;217,5
Net3,41,169,16,97,2,0.5,97.9381443298969,169,1,1,0.4748757874787175,0.7447020091893997,0.9041288107643455,0.0,2,103;117;119;187;217,5
Net3,41,169,24,97,2,0.5,97.9381443298969,169,1,1,0.4749356170485667,0.7445760271899351,0.9029033991952156,0.0,2,103;117;119;187;217,5
Net3,42,171,1,97,92,0.010869565217391304,5.154639175257736,10,0,0,0.010869565217391304,4.5217885770490405,4.5217885770490405,0.0,92,103;117;119;187;217,5
Net3,42,171,2,97,92,0.010869565217391304,5.154639175257736,10,0,0,0.010869565217391304,4.5217885770490405,4.5217885770490405,0.0,92,103;117;119;187;217,5
Net3,42,171,4,97,74,0.013513513513513514,23.71134020618557,120,0,0,0.013279750642524735,4.321514912028456,4.30114190908438,0.0010008548136452057,74,103;117;119;187;217,5
Net3,42,171,8,97,71,0.014084507042253521,26.80412371134021,120,0,0,0.013665276905450465,4.29289719596179,4.254249438238745,0.0037967082421697176,71,103;117;119;187;217,5
Net3,42,171,16,97,2,0.5,97.9381443298969,173,0,1,0.45983712747809435,0.7768829228966215,1.0156234816742464,0.0,2,103;117;119;187;217,5
Net3,42,171,24,97,2,0.5,97.9381443298969,173,0,1,0.4598402351482265,0.7768761647219433,1.0155387328145786,0.0,2,103;117;119;187;217,5
Net3,43,173,1,97,92,0.010869565217391304,5.154639175257736,10,0,0,0.010869565217391304,4.5217885770490405,4.5217885770490405,0.0,92,103;117;119;187;217,5
Net3,43,173,2,97,92,0.010869565217391304,5.154639175257736,10,0,0,0.010869565217391304,4.5217885770490405,4.5217885770490405,0.0,92,103;117;119;187;217,5
Net3,43,173,4,97,74,0.013513513513513514,23.71134020618557,120,0,0,0.013279750642524735,4.321514912028456,4.30114190908438,0.0010008548136452057,74,103;117;119;187;217,5
Net3,43,173,8,97,71,0.014084507042253521,26.80412371134021,120,0,0,0.013665276905450465,4.29289719596179,4.254249438238745,0.0037967082421697176,71,103;117;119;187;217,5
Net3,43,173,16,97,2,0.5,97.9381443298969,173,1,1,0.45983712747809435,0.7768829228966215,1.0156234816742464,0.0,2,103;117;119;187;217,5
Net3,43,173,24,97,2,0.5,97.9381443298969,173,1,1,0.4598402351482265,0.7768761647219433,1.0155387328145786,0.0,2,103;117;119;187;217,5
Net3,44,177,1,97,92,0.010869565217391304,5.154639175257736,10,0,0,0.010869565217391304,4.5217885770490405,4.5217885770490405,0.0,92,103;117;119;187;217,5
Net3,44,177,2,97,92,0.010869565217391304,5.154639175257736,10,0,0,0.010869565217391304,4.5217885770490405,4.5217885770490405,0.0,92,103;117;119;187;217,5
Net3,44,177,4,97,74,0.013513513513513514,23.71134020618557,120,0,0,0.013279750642524735,4.321514912028456,4.30114190908438,0.0010008548136452057,74,103;117;119;187;217,5
Net3,44,177,8,97,71,0.014084507042253521,26.80412371134021,120,0,0,0.013665276905450465,4.29289719596179,4.254249438238745,0.0037967082421697176,71,103;117;119;187;217,5
Net3,44,177,16,97,44,0.022727272727272728,54.639175257731964,120,0,0,0.017823707759285774,4.027225811282485,3.6784822871206604,0.015403491570856187,8,103;117;119;187;217,5
Net3,44,177,24,97,44,0.022727272727272728,54.639175257731964,125,0,0,0.0011854039986171636,6.73767163539439,1.5438496152774077,0.015884129375829503,3,103;117;119;187;217,5
Net3,45,179,1,97,92,0.010869565217391304,5.154639175257736,10,0,0,0.010869565217391304,4.5217885770490405,4.5217885770490405,0.0,92,103;117;119;187;217,5
Net3,45,179,2,97,92,0.010869565217391304,5.154639175257736,10,0,0,0.010869565217391304,4.5217885770490405,4.5217885770490405,0.0,92,103;117;119;187;217,5
Net3,45,179,4,97,74,0.013513513513513514,23.71134020618557,120,0,0,0.013279750642524735,4.321514912028456,4.30114190908438,0.0010008548136452057,74,103;117;119;187;217,5
Net3,45,179,8,97,71,0.014084507042253521,26.80412371134021,120,0,0,0.013665276905450465,4.29289719596179,4.254249438238745,0.0037967082421697176,71,103;117;119;187;217,5
Net3,45,179,16,97,44,0.022727272727272728,54.639175257731964,120,0,0,0.017823707759285774,4.027225811282485,3.6784822871206604,0.015403491570856187,8,103;117;119;187;217,5
Net3,45,179,24,97,44,0.022727272727272728,54.639175257731964,125,0,0,0.0011854039986171636,6.73767163539439,1.5438496152774077,0.015884129375829503,3,103;117;119;187;217,5
Net3,46,181,1,97,92,0.010869565217391304,5.154639175257736,10,0,0,0.010869565217391304,4.5217885770490405,4.5217885770490405,0.0,92,103;117;119;187;217,5
Net3,46,181,2,97,92,0.010869565217391304,5.154639175257736,10,0,0,0.010869565217391304,4.5217885770490405,4.5217885770490405,0.0,92,103;117;119;187;217,5
Net3,46,181,4,97,74,0.013513513513513514,23.71134020618557,120,0,0,0.013279750642524735,4.321514912028456,4.30114190908438,0.0010008548136452057,74,103;117;119;187;217,5
Net3,46,181,8,97,71,0.014084507042253521,26.80412371134021,120,0,0,0.013665276905450465,4.29289719596179,4.254249438238745,0.0037967082421697176,71,103;117;119;187;217,5
Net3,46,181,16,97,44,0.022727272727272728,54.639175257731964,120,0,0,0.017823707759285774,4.027225811282485,3.6784822871206604,0.015403491570856187,8,103;117;119;187;217,5
Net3,46,181,24,97,44,0.022727272727272728,54.639175257731964,125,0,0,0.0011854039986171636,6.73767163539439,1.5438496152774077,0.015884129375829503,3,103;117;119;187;217,5
Net3,47,183,1,97,92,0.010869565217391304,5.154639175257736,10,0,0,0.010869565217391304,4.5217885770490405,4.5217885770490405,0.0,92,103;117;119;187;217,5
Net3,47,183,2,97,92,0.010869565217391304,5.154639175257736,10,0,0,0.010869565217391304,4.5217885770490405,4.5217885770490405,0.0,92,103;117;119;187;217,5
Net3,47,183,4,97,74,0.013513513513513514,23.71134020618557,120,0,0,0.013279750642524735,4.321514912028456,4.30114190908438,0.0010008548136452057,74,103;117;119;187;217,5
Net3,47,183,8,97,71,0.014084507042253521,26.80412371134021,120,0,0,0.013665276905450465,4.29289719596179,4.254249438238745,0.0037967082421697176,71,103;117;119;187;217,5
Net3,47,183,16,97,1,1.0,98.96907216494846,183,1,1,0.9472663998102642,0.05417491615832765,0.227617281645222,0.8999030798197509,1,103;117;119;187;217,5
Net3,47,183,24,97,1,1.0,98.96907216494846,183,1,1,0.9343011464487256,0.06795646611695047,0.29470814745374385,0.8875860891262893,1,103;117;119;187;217,5
Net3,48,184,1,97,92,0.010869565217391304,5.154639175257736,10,0,0,0.010869565217391304,4.5217885770490405,4.5217885770490405,0.0,92,103;117;119;187;217,5
Net3,48,184,2,97,92,0.010869565217391304,5.154639175257736,10,0,0,0.010869565217391304,4.5217885770490405,4.5217885770490405,0.0,92,103;117;119;187;217,5
Net3,48,184,4,97,74,0.013513513513513514,23.71134020618557,120,0,0,0.013279750642524735,4.321514912028456,4.30114190908438,0.0010008548136452057,74,103;117;119;187;217,5
Net3,48,184,8,97,71,0.014084507042253521,26.80412371134021,120,0,0,0.013665276905450465,4.29289719596179,4.254249438238745,0.0037967082421697176,71,103;117;119;187;217,5
Net3,48,184,16,97,2,0.5,97.9381443298969,184,1,1,0.470244432503627,0.7545026503104737,0.9317014353755457,0.0,2,103;117;119;187;217,5
Net3,48,184,24,97,2,0.5,97.9381443298969,184,1,1,0.44906586355844474,0.8005857125579833,1.0308780964042505,0.0,2,103;117;119;187;217,5
Net3,49,185,1,97,92,0.010869565217391304,5.154639175257736,10,0,0,0.010869565217391304,4.5217885770490405,4.5217885770490405,0.0,92,103;117;119;187;217,5
Net3,49,185,2,97,92,0.010869565217391304,5.154639175257736,10,0,0,0.010869565217391304,4.5217885770490405,4.5217885770490405,0.0,92,103;117;119;187;217,5
Net3,49,185,4,97,74,0.013513513513513514,23.71134020618557,120,0,0,0.013279750642524735,4.321514912028456,4.30114190908438,0.0010008548136452057,74,103;117;119;187;217,5
Net3,49,185,8,97,71,0.014084507042253521,26.80412371134021,120,0,0,0.013665276905450465,4.29289719596179,4.254249438238745,0.0037967082421697176,71,103;117;119;187;217,5
Net3,49,185,16,97,2,0.5,97.9381443298969,184,0,1,0.470244432503627,0.7545026503104737,0.9317014353755457,0.0,2,103;117;119;187;217,5
Net3,49,185,24,97,2,0.5,97.9381443298969,184,0,1,0.44906586355844474,0.8005857125579833,1.0308780964042505,0.0,2,103;117;119;187;217,5
Net3,50,187,1,97,92,0.010869565217391304,5.154639175257736,10,0,0,0.010869565217391304,4.5217885770490405,4.5217885770490405,0.0,92,103;117;119;187;217,5
Net3,50,187,2,97,92,0.010869565217391304,5.154639175257736,10,0,0,0.010869565217391304,4.5217885770490405,4.5217885770490405,0.0,92,103;117;119;187;217,5
Net3,50,187,4,97,1,1.0,98.96907216494846,187,1,1,0.9022497195551407,0.10286394628761586,0.38976840753715986,0.8522635855077644,1,103;117;119;187;217,5
Net3,50,187,8,97,1,1.0,98.96907216494846,187,1,1,0.9970849452555883,0.0029193117915228706,0.020528766081163344,0.9943229370969856,1,103;117;119;187;217,5
Net3,50,187,16,97,1,1.0,98.96907216494846,187,1,1,0.9999919214600448,8.078572586793773e-06,0.00010282334322451406,0.9999838443038288,1,103;117;119;187;217,5
Net3,50,187,24,97,1,1.0,98.96907216494846,187,1,1,0.9999919214587469,8.078573884654975e-06,0.00010282337115538026,0.999983844302531,1,103;117;119;187;217,5
Net3,51,189,1,97,92,0.010869565217391304,5.154639175257736,10,0,0,0.010869565217391304,4.5217885770490405,4.5217885770490405,0.0,92,103;117;119;187;217,5
Net3,51,189,2,97,92,0.010869565217391304,5.154639175257736,10,0,0,0.010869565217391304,4.5217885770490405,4.5217885770490405,0.0,92,103;117;119;187;217,5
Net3,51,189,4,97,74,0.013513513513513514,23.71134020618557,120,0,0,0.013279750642524735,4.321514912028456,4.30114190908438,0.0010008548136452057,74,103;117;119;187;217,5
Net3,51,189,8,97,71,0.014084507042253521,26.80412371134021,120,0,0,0.013665276905450465,4.29289719596179,4.254249438238745,0.0037967082421697176,71,103;117;119;187;217,5
Net3,51,189,16,97,2,0.5,97.9381443298969,183,0,1,0.4617315024261648,0.7727717204211394,0.8975659710619758,0.02430165802243045,2,103;117;119;187;217,5
Net3,51,189,24,97,2,0.5,97.9381443298969,183,0,1,0.4067486167645091,0.8995599335906553,1.1366469655455584,0.021407821934973204,3,103;117;119;187;217,5
Net3,52,191,1,97,92,0.010869565217391304,5.154639175257736,10,0,0,0.010869565217391304,4.5217885770490405,4.5217885770490405,0.0,92,103;117;119;187;217,5
Net3,52,191,2,97,92,0.010869565217391304,5.154639175257736,10,0,0,0.010869565217391304,4.5217885770490405,4.5217885770490405,0.0,92,103;117;119;187;217,5
Net3,52,191,4,97,2,0.5,97.9381443298969,197,0,1,0.47368601404081123,0.7472105944179789,0.8114879799111707,0.024930842844253065,2,103;117;119;187;217,5
Net3,52,191,8,97,1,1.0,98.96907216494846,191,1,1,0.9450189151465482,0.05655033566061895,0.2235304510098573,0.8926632965788723,1,103;117;119;187;217,5
Net3,52,191,16,97,1,1.0,98.96907216494846,191,1,1,0.9998295984076683,0.00017041611233257144,0.0016517465752178197,0.9996595806161583,1,103;117;119;187;217,5
Net3,52,191,24,97,1,1.0,98.96907216494846,191,1,1,0.9998295980038433,0.00017041651622636914,0.0016517555389930526,0.999659580212402,1,103;117;119;187;217,5
Net3,53,193,1,97,92,0.010869565217391304,5.154639175257736,10,0,0,0.010869565217391304,4.5217885770490405,4.5217885770490405,0.0,92,103;117;119;187;217,5
Net3,53,193,2,97,92,0.010869565217391304,5.154639175257736,10,0,0,0.010869565217391304,4.5217885770490405,4.5217885770490405,0.0,92,103;117;119;187;217,5
Net3,53,193,4,97,74,0.013513513513513514,23.71134020618557,120,0,0,0.013279750642524735,4.321514912028456,4.30114190908438,0.0010008548136452057,74,103;117;119;187;217,5
Net3,53,193,8,97,1,1.0,98.96907216494846,193,1,1,0.21709503804206126,1.5274200579921513,3.842681850115885,0.1959497778819024,1,103;117;119;187;217,5
Net3,53,193,16,97,1,1.0,98.96907216494846,193,1,1,0.9892164379022796,0.010842126103068587,0.0716788078114122,0.9838784540731816,1,103;117;119;187;217,5
Net3,53,193,24,97,1,1.0,98.96907216494846,193,1,1,0.9999989783077021,1.0216928198035628e-06,1.5841217718186358e-05,0.9999983037866658,1,103;117;119;187;217,5
Net3,54,195,1,97,92,0.010869565217391304,5.154639175257736,10,0,0,0.010869565217391304,4.5217885770490405,4.5217885770490405,0.0,92,103;117;119;187;217,5
Net3,54,195,2,97,92,0.010869565217391304,5.154639175257736,10,0,0,0.010869565217391304,4.5217885770490405,4.5217885770490405,0.0,92,103;117;119;187;217,5
Net3,54,195,4,97,74,0.013513513513513514,23.71134020618557,120,0,0,0.013279750642524735,4.321514912028456,4.30114190908438,0.0010008548136452057,74,103;117;119;187;217,5
Net3,54,195,8,97,71,0.014084507042253521,26.80412371134021,120,0,0,0.013665276905450465,4.29289719596179,4.254249438238745,0.0037967082421697176,71,103;117;119;187;217,5
Net3,54,195,16,97,4,0.25,95.87628865979381,120,0,1,0.14128531189800733,1.956973944461209,1.3873150981716562,0.06267942531458837,4,103;117;119;187;217,5
Net3,54,195,24,97,4,0.25,95.87628865979381,120,0,1,0.06801895179628908,2.687968909749861,1.1818466542153758,0.324186777982216,2,103;117;119;187;217,5
Net3,55,197,1,97,92,0.010869565217391304,5.154639175257736,10,0,0,0.010869565217391304,4.5217885770490405,4.5217885770490405,0.0,92,103;117;119;187;217,5
Net3,55,197,2,97,92,0.010869565217391304,5.154639175257736,10,0,0,0.010869565217391304,4.5217885770490405,4.5217885770490405,0.0,92,103;117;119;187;217,5
Net3,55,197,4,97,1,1.0,98.96907216494846,197,1,1,0.9450192537079756,0.056549977401793364,0.24431201287787246,0.8977682910225768,1,103;117;119;187;217,5
Net3,55,197,8,97,1,1.0,98.96907216494846,197,1,1,0.9972221753490671,0.002781689965598934,0.019781090066470396,0.9945979064665695,1,103;117;119;187;217,5
Net3,55,197,16,97,1,1.0,98.96907216494846,197,1,1,0.9999995340049497,4.6599515890069045e-07,7.3393652401389215e-06,0.9999990865136641,1,103;117;119;187;217,5
Net3,55,197,24,97,1,1.0,98.96907216494846,197,1,1,0.9999990152405821,9.847599027749798e-07,1.4701542490079287e-05,0.9999980493447821,1,103;117;119;187;217,5
Net3,56,199,1,97,92,0.010869565217391304,5.154639175257736,10,0,0,0.010869565217391304,4.5217885770490405,4.5217885770490405,0.0,92,103;117;119;187;217,5
Net3,56,199,2,97,92,0.010869565217391304,5.154639175257736,10,0,0,0.010869565217391304,4.5217885770490405,4.5217885770490405,0.0,92,103;117;119;187;217,5
Net3,56,199,4,97,74,0.013513513513513514,23.71134020618557,120,0,0,0.013279750642524735,4.321514912028456,4.30114190908438,0.0010008548136452057,74,103;117;119;187;217,5
Net3,56,199,8,97,71,0.014084507042253521,26.80412371134021,120,0,0,0.013665276905450465,4.29289719596179,4.254249438238745,0.0037967082421697176,71,103;117;119;187;217,5
Net3,56,199,16,97,1,1.0,98.96907216494846,199,1,1,0.9997209126011084,0.00027912635102724306,0.0028236066158220264,0.9995893703757661,1,103;117;119;187;217,5
Net3,56,199,24,97,1,1.0,98.96907216494846,199,1,1,0.9997216103118006,0.00027842844580193573,0.0028125633910192393,0.9995900679946543,1,103;117;119;187;217,5
Net3,57,201,1,97,92,0.010869565217391304,5.154639175257736,10,0,0,0.010869565217391304,4.5217885770490405,4.5217885770490405,0.0,92,103;117;119;187;217,5
Net3,57,201,2,97,92,0.010869565217391304,5.154639175257736,10,0,0,0.010869565217391304,4.5217885770490405,4.5217885770490405,0.0,92,103;117;119;187;217,5
Net3,57,201,4,97,74,0.013513513513513514,23.71134020618557,120,0,0,0.013279750642524735,4.321514912028456,4.30114190908438,0.0010008548136452057,74,103;117;119;187;217,5
Net3,57,201,8,97,71,0.014084507042253521,26.80412371134021,120,0,0,0.013665276905450465,4.29289719596179,4.254249438238745,0.0037967082421697176,71,103;117;119;187;217,5
Net3,57,201,16,97,1,1.0,98.96907216494846,201,1,1,0.9472101424224183,0.05423430711578559,0.20892927801772287,0.8947331262217302,1,103;117;119;187;217,5
Net3,57,201,24,97,1,1.0,98.96907216494846,201,1,1,0.9471516016372434,0.054296112402317666,0.20957768535655197,0.8946778286933519,1,103;117;119;187;217,5
Net3,58,203,1,97,92,0.010869565217391304,5.154639175257736,10,0,0,0.010869565217391304,4.5217885770490405,4.5217885770490405,0.0,92,103;117;119;187;217,5
Net3,58,203,2,97,92,0.010869565217391304,5.154639175257736,10,0,0,0.010869565217391304,4.5217885770490405,4.5217885770490405,0.0,92,103;117;119;187;217,5
Net3,58,203,4,97,74,0.013513513513513514,23.71134020618557,120,0,0,0.013279750642524735,4.321514912028456,4.30114190908438,0.0010008548136452057,74,103;117;119;187;217,5
Net3,58,203,8,97,71,0.014084507042253521,26.80412371134021,120,0,0,0.013665276905450465,4.29289719596179,4.254249438238745,0.0037967082421697176,71,103;117;119;187;217,5
Net3,58,203,16,97,44,0.022727272727272728,54.639175257731964,120,0,0,0.017823707759285774,4.027225811282485,3.6784822871206604,0.015403491570856187,8,103;117;119;187;217,5
Net3,58,203,24,97,44,0.022727272727272728,54.639175257731964,125,0,0,0.0011854039986171636,6.73767163539439,1.5438496152774077,0.015884129375829503,3,103;117;119;187;217,5
Net3,59,204,1,97,92,0.010869565217391304,5.154639175257736,10,0,0,0.010869565217391304,4.5217885770490405,4.5217885770490405,0.0,92,103;117;119;187;217,5
Net3,59,204,2,97,92,0.010869565217391304,5.154639175257736,10,0,0,0.010869565217391304,4.5217885770490405,4.5217885770490405,0.0,92,103;117;119;187;217,5
Net3,59,204,4,97,74,0.013513513513513514,23.71134020618557,120,0,0,0.013279750642524735,4.321514912028456,4.30114190908438,0.0010008548136452057,74,103;117;119;187;217,5
Net3,59,204,8,97,71,0.014084507042253521,26.80412371134021,120,0,0,0.013665276905450465,4.29289719596179,4.254249438238745,0.0037967082421697176,71,103;117;119;187;217,5
Net3,59,204,16,97,3,0.3333333333333333,96.90721649484536,183,0,1,0.29812690451914997,1.210236029035744,1.1916718217900106,0.05220383484723906,3,103;117;119;187;217,5
Net3,59,204,24,97,2,0.5,97.9381443298969,273,0,1,0.2592206719330253,1.3500755648560756,0.6642937762769948,0.4638779373273095,2,103;117;119;187;217,5
Net3,60,205,1,97,92,0.010869565217391304,5.154639175257736,10,0,0,0.010869565217391304,4.5217885770490405,4.5217885770490405,0.0,92,103;117;119;187;217,5
Net3,60,205,2,97,92,0.010869565217391304,5.154639175257736,10,0,0,0.010869565217391304,4.5217885770490405,4.5217885770490405,0.0,92,103;117;119;187;217,5
Net3,60,205,4,97,74,0.013513513513513514,23.71134020618557,120,0,0,0.013279750642524735,4.321514912028456,4.30114190908438,0.0010008548136452057,74,103;117;119;187;217,5
Net3,60,205,8,97,71,0.014084507042253521,26.80412371134021,120,0,0,0.013665276905450465,4.29289719596179,4.254249438238745,0.0037967082421697176,71,103;117;119;187;217,5
Net3,60,205,16,97,1,1.0,98.96907216494846,205,1,1,0.8933192937925551,0.11281121017269667,0.4344786039410404,0.8412231110374855,1,103;117;119;187;217,5
Net3,60,205,24,97,1,1.0,98.96907216494846,205,1,1,0.8933192853119654,0.11281121966604343,0.4344787863405525,0.8412231030514629,1,103;117;119;187;217,5
Net3,61,206,1,97,92,0.010869565217391304,5.154639175257736,10,0,0,0.010869565217391304,4.5217885770490405,4.5217885770490405,0.0,92,103;117;119;187;217,5
Net3,61,206,2,97,92,0.010869565217391304,5.154639175257736,10,0,0,0.010869565217391304,4.5217885770490405,4.5217885770490405,0.0,92,103;117;119;187;217,5
Net3,61,206,4,97,74,0.013513513513513514,23.71134020618557,120,0,0,0.013279750642524735,4.321514912028456,4.30114190908438,0.0010008548136452057,74,103;117;119;187;217,5
Net3,61,206,8,97,71,0.014084507042253521,26.80412371134021,120,0,0,0.013665276905450465,4.29289719596179,4.254249438238745,0.0037967082421697176,71,103;117;119;187;217,5
Net3,61,206,16,97,3,0.3333333333333333,96.90721649484536,207,0,1,0.32697465657516916,1.117872613916612,1.1115477064763608,0.017209192451323962,3,103;117;119;187;217,5
Net3,61,206,24,97,3,0.3333333333333333,96.90721649484536,207,0,1,0.32697465656597213,1.1178726139447395,1.1115477071813233,0.017209192450841126,3,103;117;119;187;217,5
Net3,62,207,1,97,92,0.010869565217391304,5.154639175257736,10,0,0,0.010869565217391304,4.5217885770490405,4.5217885770490405,0.0,92,103;117;119;187;217,5
Net3,62,207,2,97,92,0.010869565217391304,5.154639175257736,10,0,0,0.010869565217391304,4.5217885770490405,4.5217885770490405,0.0,92,103;117;119;187;217,5
Net3,62,207,4,97,74,0.013513513513513514,23.71134020618557,120,0,0,0.013279750642524735,4.321514912028456,4.30114190908438,0.0010008548136452057,74,103;117;119;187;217,5
Net3,62,207,8,97,71,0.014084507042253521,26.80412371134021,120,0,0,0.013665276905450465,4.29289719596179,4.254249438238745,0.0037967082421697176,71,103;117;119;187;217,5
Net3,62,207,16,97,1,1.0,98.96907216494846,207,1,1,0.9066805245836496,0.09796512400974948,0.3861272052107656,0.8613464983544671,1,103;117;119;187;217,5
Net3,62,207,24,97,1,1.0,98.96907216494846,207,1,1,0.9066805245211306,0.0979651240787032,0.3861272069087342,0.861346498295074,1,103;117;119;187;217,5
Net3,63,208,1,97,92,0.010869565217391304,5.154639175257736,10,0,0,0.010869565217391304,4.5217885770490405,4.5217885770490405,0.0,92,103;117;119;187;217,5
Net3,63,208,2,97,92,0.010869565217391304,5.154639175257736,10,0,0,0.010869565217391304,4.5217885770490405,4.5217885770490405,0.0,92,103;117;119;187;217,5
Net3,63,208,4,97,74,0.013513513513513514,23.71134020618557,120,0,0,0.013279750642524735,4.321514912028456,4.30114190908438,0.0010008548136452057,74,103;117;119;187;217,5
Net3,63,208,8,97,71,0.014084507042253521,26.80412371134021,120,0,0,0.013665276905450465,4.29289719596179,4.254249438238745,0.0037967082421697176,71,103;117;119;187;217,5
Net3,63,208,16,97,3,0.3333333333333333,96.90721649484536,207,0,1,0.32697465657516916,1.117872613916612,1.1115477064763608,0.017209192451323962,3,103;117;119;187;217,5
Net3,63,208,24,97,3,0.3333333333333333,96.90721649484536,207,0,1,0.32697465656597213,1.1178726139447395,1.1115477071813233,0.017209192450841126,3,103;117;119;187;217,5
Net3,64,209,1,97,92,0.010869565217391304,5.154639175257736,10,0,0,0.010869565217391304,4.5217885770490405,4.5217885770490405,0.0,92,103;117;119;187;217,5
Net3,64,209,2,97,92,0.010869565217391304,5.154639175257736,10,0,0,0.010869565217391304,4.5217885770490405,4.5217885770490405,0.0,92,103;117;119;187;217,5
Net3,64,209,4,97,74,0.013513513513513514,23.71134020618557,120,0,0,0.013279750642524735,4.321514912028456,4.30114190908438,0.0010008548136452057,74,103;117;119;187;217,5
Net3,64,209,8,97,71,0.014084507042253521,26.80412371134021,120,0,0,0.013665276905450465,4.29289719596179,4.254249438238745,0.0037967082421697176,71,103;117;119;187;217,5
Net3,64,209,16,97,1,1.0,98.96907216494846,209,1,1,0.8165362506903033,0.20268396989604565,0.7318347517250469,0.7689178660458768,1,103;117;119;187;217,5
Net3,64,209,24,97,1,1.0,98.96907216494846,209,1,1,0.8165362505680303,0.2026839700457917,0.7318347553605633,0.7689178659307344,1,103;117;119;187;217,5
Net3,65,211,1,97,92,0.010869565217391304,5.154639175257736,10,0,0,0.010869565217391304,4.5217885770490405,4.5217885770490405,0.0,92,103;117;119;187;217,5
Net3,65,211,2,97,92,0.010869565217391304,5.154639175257736,10,0,0,0.010869565217391304,4.5217885770490405,4.5217885770490405,0.0,92,103;117;119;187;217,5
Net3,65,211,4,97,74,0.013513513513513514,23.71134020618557,120,0,0,0.013279750642524735,4.321514912028456,4.30114190908438,0.0010008548136452057,74,103;117;119;187;217,5
Net3,65,211,8,97,71,0.014084507042253521,26.80412371134021,120,0,0,0.013665276905450465,4.29289719596179,4.254249438238745,0.0037967082421697176,71,103;117;119;187;217,5
Net3,65,211,16,97,1,1.0,98.96907216494846,211,1,1,0.9969251329498862,0.003079604166963793,0.022667248806490854,0.9943016457579128,1,103;117;119;187;217,5
Net3,65,211,24,97,1,1.0,98.96907216494846,211,1,1,0.9969251329408426,0.0030796041760352303,0.02266724905831545,0.994301645748893,1,103;117;119;187;217,5
Net3,66,213,1,97,92,0.010869565217391304,5.154639175257736,10,0,0,0.010869565217391304,4.5217885770490405,4.5217885770490405,0.0,92,103;117;119;187;217,5
Net3,66,213,2,97,92,0.010869565217391304,5.154639175257736,10,0,0,0.010869565217391304,4.5217885770490405,4.5217885770490405,0.0,92,103;117;119;187;217,5
Net3,66,213,4,97,74,0.013513513513513514,23.71134020618557,120,0,0,0.013279750642524735,4.321514912028456,4.30114190908438,0.0010008548136452057,74,103;117;119;187;217,5
Net3,66,213,8,97,71,0.014084507042253521,26.80412371134021,120,0,0,0.013665276905450465,4.29289719596179,4.254249438238745,0.0037967082421697176,71,103;117;119;187;217,5
Net3,66,213,16,97,1,1.0,98.96907216494846,213,1,1,0.9998460842573161,0.00015392758892735078,0.0015086209287270235,0.9996926406704411,1,103;117;119;187;217,5
Net3,66,213,24,97,1,1.0,98.96907216494846,213,1,1,0.9998460842505583,0.0001539275956862076,0.0015086211169570392,0.9996926406636842,1,103;117;119;187;217,5
Net3,67,215,1,97,92,0.010869565217391304,5.154639175257736,10,0,0,0.010869565217391304,4.5217885770490405,4.5217885770490405,0.0,92,103;117;119;187;217,5
Net3,67,215,2,97,92,0.010869565217391304,5.154639175257736,10,0,0,0.010869565217391304,4.5217885770490405,4.5217885770490405,0.0,92,103;117;119;187;217,5
Net3,67,215,4,97,74,0.013513513513513514,23.71134020618557,120,0,0,0.013279750642524735,4.321514912028456,4.30114190908438,0.0010008548136452057,74,103;117;119;187;217,5
Net3,67,215,8,97,1,1.0,98.96907216494846,215,1,1,1.0,-0.0,3.771849721653433e-15,1.0,1,103;117;119;187;217,5
Net3,67,215,16,97,1,1.0,98.96907216494846,215,1,1,1.0,-0.0,2.870068898762403e-15,1.0,1,103;117;119;187;217,5
Net3,67,215,24,97,1,1.0,98.96907216494846,215,1,1,0.9999999999999991,8.881784197001256e-16,3.8927017552865345e-14,0.9999999999999988,1,103;117;119;187;217,5
Net3,68,217,1,97,92,0.010869565217391304,5.154639175257736,10,0,0,0.010869565217391304,4.5217885770490405,4.5217885770490405,0.0,92,103;117;119;187;217,5
Net3,68,217,2,97,92,0.010869565217391304,5.154639175257736,10,0,0,0.010869565217391304,4.5217885770490405,4.5217885770490405,0.0,92,103;117;119;187;217,5
Net3,68,217,4,97,1,1.0,98.96907216494846,217,1,1,0.9999999955661474,4.4338526282202124e-09,1.0878519368156529e-07,0.9999999954773945,1,103;117;119;187;217,5
Net3,68,217,8,97,1,1.0,98.96907216494846,217,1,1,0.9999999956912355,4.308764465622712e-09,1.0563739265199713e-07,0.9999999955765353,1,103;117;119;187;217,5
Net3,68,217,16,97,1,1.0,98.96907216494846,217,1,1,0.999999996696509,3.3034910417337774e-09,7.996684309105143e-08,0.9999999964221854,1,103;117;119;187;217,5
Net3,68,217,24,97,1,1.0,98.96907216494846,217,1,1,0.9999999503287851,4.967121615255972e-08,9.617186577819072e-07,0.999999934549105,1,103;117;119;187;217,5
Net3,69,219,1,97,92,0.010869565217391304,5.154639175257736,10,0,0,0.010869565217391304,4.5217885770490405,4.5217885770490405,0.0,92,103;117;119;187;217,5
Net3,69,219,2,97,92,0.010869565217391304,5.154639175257736,10,0,0,0.010869565217391304,4.5217885770490405,4.5217885770490405,0.0,92,103;117;119;187;217,5
Net3,69,219,4,97,74,0.013513513513513514,23.71134020618557,120,0,0,0.013279750642524735,4.321514912028456,4.30114190908438,0.0010008548136452057,74,103;117;119;187;217,5
Net3,69,219,8,97,71,0.014084507042253521,26.80412371134021,120,0,0,0.013665276905450465,4.29289719596179,4.254249438238745,0.0037967082421697176,71,103;117;119;187;217,5
Net3,69,219,16,97,44,0.022727272727272728,54.639175257731964,120,0,0,0.017823707759285774,4.027225811282485,3.6784822871206604,0.015403491570856187,8,103;117;119;187;217,5
Net3,69,219,24,97,44,0.022727272727272728,54.639175257731964,125,0,0,0.0011854039986171636,6.73767163539439,1.5438496152774077,0.015884129375829503,3,103;117;119;187;217,5
Net3,70,225,1,97,92,0.010869565217391304,5.154639175257736,10,0,0,0.010869565217391304,4.5217885770490405,4.5217885770490405,0.0,92,103;117;119;187;217,5
Net3,70,225,2,97,92,0.010869565217391304,5.154639175257736,10,0,0,0.010869565217391304,4.5217885770490405,4.5217885770490405,0.0,92,103;117;119;187;217,5
Net3,70,225,4,97,74,0.013513513513513514,23.71134020618557,120,0,0,0.013279750642524735,4.321514912028456,4.30114190908438,0.0010008548136452057,74,103;117;119;187;217,5
Net3,70,225,8,97,71,0.014084507042253521,26.80412371134021,120,0,0,0.013665276905450465,4.29289719596179,4.254249438238745,0.0037967082421697176,71,103;117;119;187;217,5
Net3,70,225,16,97,44,0.022727272727272728,54.639175257731964,120,0,0,0.017823707759285774,4.027225811282485,3.6784822871206604,0.015403491570856187,8,103;117;119;187;217,5
Net3,70,225,24,97,44,0.022727272727272728,54.639175257731964,125,0,0,0.0011854039986171636,6.73767163539439,1.5438496152774077,0.015884129375829503,3,103;117;119;187;217,5
Net3,71,229,1,97,92,0.010869565217391304,5.154639175257736,10,0,0,0.010869565217391304,4.5217885770490405,4.5217885770490405,0.0,92,103;117;119;187;217,5
Net3,71,229,2,97,92,0.010869565217391304,5.154639175257736,10,0,0,0.010869565217391304,4.5217885770490405,4.5217885770490405,0.0,92,103;117;119;187;217,5
Net3,71,229,4,97,74,0.013513513513513514,23.71134020618557,120,0,0,0.013279750642524735,4.321514912028456,4.30114190908438,0.0010008548136452057,74,103;117;119;187;217,5
Net3,71,229,8,97,71,0.014084507042253521,26.80412371134021,120,0,0,0.013665276905450465,4.29289719596179,4.254249438238745,0.0037967082421697176,71,103;117;119;187;217,5
Net3,71,229,16,97,44,0.022727272727272728,54.639175257731964,120,0,0,0.017823707759285774,4.027225811282485,3.6784822871206604,0.015403491570856187,8,103;117;119;187;217,5
Net3,71,229,24,97,44,0.022727272727272728,54.639175257731964,125,0,0,0.0011854039986171636,6.73767163539439,1.5438496152774077,0.015884129375829503,3,103;117;119;187;217,5
Net3,72,231,1,97,92,0.010869565217391304,5.154639175257736,10,0,0,0.010869565217391304,4.5217885770490405,4.5217885770490405,0.0,92,103;117;119;187;217,5
Net3,72,231,2,97,92,0.010869565217391304,5.154639175257736,10,0,0,0.010869565217391304,4.5217885770490405,4.5217885770490405,0.0,92,103;117;119;187;217,5
Net3,72,231,4,97,74,0.013513513513513514,23.71134020618557,120,0,0,0.013279750642524735,4.321514912028456,4.30114190908438,0.0010008548136452057,74,103;117;119;187;217,5
Net3,72,231,8,97,71,0.014084507042253521,26.80412371134021,120,0,0,0.013665276905450465,4.29289719596179,4.254249438238745,0.0037967082421697176,71,103;117;119;187;217,5
Net3,72,231,16,97,44,0.022727272727272728,54.639175257731964,120,0,0,0.017823707759285774,4.027225811282485,3.6784822871206604,0.015403491570856187,8,103;117;119;187;217,5
Net3,72,231,24,97,44,0.022727272727272728,54.639175257731964,125,0,0,0.0011854039986171636,6.73767163539439,1.5438496152774077,0.015884129375829503,3,103;117;119;187;217,5
Net3,73,237,1,97,92,0.010869565217391304,5.154639175257736,10,0,0,0.010869565217391304,4.5217885770490405,4.5217885770490405,0.0,92,103;117;119;187;217,5
Net3,73,237,2,97,92,0.010869565217391304,5.154639175257736,10,0,0,0.010869565217391304,4.5217885770490405,4.5217885770490405,0.0,92,103;117;119;187;217,5
Net3,73,237,4,97,74,0.013513513513513514,23.71134020618557,120,0,0,0.013279750642524735,4.321514912028456,4.30114190908438,0.0010008548136452057,74,103;117;119;187;217,5
Net3,73,237,8,97,71,0.014084507042253521,26.80412371134021,120,0,0,0.013665276905450465,4.29289719596179,4.254249438238745,0.0037967082421697176,71,103;117;119;187;217,5
Net3,73,237,16,97,44,0.022727272727272728,54.639175257731964,120,0,0,0.017823707759285774,4.027225811282485,3.6784822871206604,0.015403491570856187,8,103;117;119;187;217,5
Net3,73,237,24,97,44,0.022727272727272728,54.639175257731964,125,0,0,0.0011854039986171636,6.73767163539439,1.5438496152774077,0.015884129375829503,3,103;117;119;187;217,5
Net3,74,239,1,97,92,0.010869565217391304,5.154639175257736,10,0,0,0.010869565217391304,4.5217885770490405,4.5217885770490405,0.0,92,103;117;119;187;217,5
Net3,74,239,2,97,92,0.010869565217391304,5.154639175257736,10,0,0,0.010869565217391304,4.5217885770490405,4.5217885770490405,0.0,92,103;117;119;187;217,5
Net3,74,239,4,97,74,0.013513513513513514,23.71134020618557,120,0,0,0.013279750642524735,4.321514912028456,4.30114190908438,0.0010008548136452057,74,103;117;119;187;217,5
Net3,74,239,8,97,71,0.014084507042253521,26.80412371134021,120,0,0,0.013665276905450465,4.29289719596179,4.254249438238745,0.0037967082421697176,71,103;117;119;187;217,5
Net3,74,239,16,97,44,0.022727272727272728,54.639175257731964,120,0,0,0.017823707759285774,4.027225811282485,3.6784822871206604,0.015403491570856187,8,103;117;119;187;217,5
Net3,74,239,24,97,44,0.022727272727272728,54.639175257731964,125,0,0,0.0011854039986171636,6.73767163539439,1.5438496152774077,0.015884129375829503,3,103;117;119;187;217,5
Net3,75,241,1,97,92,0.010869565217391304,5.154639175257736,10,0,0,0.010869565217391304,4.5217885770490405,4.5217885770490405,0.0,92,103;117;119;187;217,5
Net3,75,241,2,97,92,0.010869565217391304,5.154639175257736,10,0,0,0.010869565217391304,4.5217885770490405,4.5217885770490405,0.0,92,103;117;119;187;217,5
Net3,75,241,4,97,74,0.013513513513513514,23.71134020618557,120,0,0,0.013279750642524735,4.321514912028456,4.30114190908438,0.0010008548136452057,74,103;117;119;187;217,5
Net3,75,241,8,97,71,0.014084507042253521,26.80412371134021,120,0,0,0.013665276905450465,4.29289719596179,4.254249438238745,0.0037967082421697176,71,103;117;119;187;217,5
Net3,75,241,16,97,44,0.022727272727272728,54.639175257731964,120,0,0,0.017823707759285774,4.027225811282485,3.6784822871206604,0.015403491570856187,8,103;117;119;187;217,5
Net3,75,241,24,97,44,0.022727272727272728,54.639175257731964,125,0,0,0.0011854039986171636,6.73767163539439,1.5438496152774077,0.015884129375829503,3,103;117;119;187;217,5
Net3,76,243,1,97,92,0.010869565217391304,5.154639175257736,10,0,0,0.010869565217391304,4.5217885770490405,4.5217885770490405,0.0,92,103;117;119;187;217,5
Net3,76,243,2,97,92,0.010869565217391304,5.154639175257736,10,0,0,0.010869565217391304,4.5217885770490405,4.5217885770490405,0.0,92,103;117;119;187;217,5
Net3,76,243,4,97,74,0.013513513513513514,23.71134020618557,120,0,0,0.013279750642524735,4.321514912028456,4.30114190908438,0.0010008548136452057,74,103;117;119;187;217,5
Net3,76,243,8,97,71,0.014084507042253521,26.80412371134021,120,0,0,0.013665276905450465,4.29289719596179,4.254249438238745,0.0037967082421697176,71,103;117;119;187;217,5
Net3,76,243,16,97,44,0.022727272727272728,54.639175257731964,120,0,0,0.017823707759285774,4.027225811282485,3.6784822871206604,0.015403491570856187,8,103;117;119;187;217,5
Net3,76,243,24,97,44,0.022727272727272728,54.639175257731964,125,0,0,0.0011854039986171636,6.73767163539439,1.5438496152774077,0.015884129375829503,3,103;117;119;187;217,5
Net3,77,247,1,97,92,0.010869565217391304,5.154639175257736,10,0,0,0.010869565217391304,4.5217885770490405,4.5217885770490405,0.0,92,103;117;119;187;217,5
Net3,77,247,2,97,92,0.010869565217391304,5.154639175257736,10,0,0,0.010869565217391304,4.5217885770490405,4.5217885770490405,0.0,92,103;117;119;187;217,5
Net3,77,247,4,97,74,0.013513513513513514,23.71134020618557,120,0,0,0.013279750642524735,4.321514912028456,4.30114190908438,0.0010008548136452057,74,103;117;119;187;217,5
Net3,77,247,8,97,71,0.014084507042253521,26.80412371134021,120,0,0,0.013665276905450465,4.29289719596179,4.254249438238745,0.0037967082421697176,71,103;117;119;187;217,5
Net3,77,247,16,97,44,0.022727272727272728,54.639175257731964,120,0,0,0.017823707759285774,4.027225811282485,3.6784822871206604,0.015403491570856187,8,103;117;119;187;217,5
Net3,77,247,24,97,44,0.022727272727272728,54.639175257731964,125,0,0,0.0011854039986171636,6.73767163539439,1.5438496152774077,0.015884129375829503,3,103;117;119;187;217,5
Net3,78,249,1,97,92,0.010869565217391304,5.154639175257736,10,0,0,0.010869565217391304,4.5217885770490405,4.5217885770490405,0.0,92,103;117;119;187;217,5
Net3,78,249,2,97,92,0.010869565217391304,5.154639175257736,10,0,0,0.010869565217391304,4.5217885770490405,4.5217885770490405,0.0,92,103;117;119;187;217,5
Net3,78,249,4,97,74,0.013513513513513514,23.71134020618557,120,0,0,0.013279750642524735,4.321514912028456,4.30114190908438,0.0010008548136452057,74,103;117;119;187;217,5
Net3,78,249,8,97,71,0.014084507042253521,26.80412371134021,120,0,0,0.013665276905450465,4.29289719596179,4.254249438238745,0.0037967082421697176,71,103;117;119;187;217,5
Net3,78,249,16,97,44,0.022727272727272728,54.639175257731964,120,0,0,0.017823707759285774,4.027225811282485,3.6784822871206604,0.015403491570856187,8,103;117;119;187;217,5
Net3,78,249,24,97,44,0.022727272727272728,54.639175257731964,125,0,0,0.0011854039986171636,6.73767163539439,1.5438496152774077,0.015884129375829503,3,103;117;119;187;217,5
Net3,79,251,1,97,92,0.010869565217391304,5.154639175257736,10,0,0,0.010869565217391304,4.5217885770490405,4.5217885770490405,0.0,92,103;117;119;187;217,5
Net3,79,251,2,97,92,0.010869565217391304,5.154639175257736,10,0,0,0.010869565217391304,4.5217885770490405,4.5217885770490405,0.0,92,103;117;119;187;217,5
Net3,79,251,4,97,74,0.013513513513513514,23.71134020618557,120,0,0,0.013279750642524735,4.321514912028456,4.30114190908438,0.0010008548136452057,74,103;117;119;187;217,5
Net3,79,251,8,97,71,0.014084507042253521,26.80412371134021,120,0,0,0.013665276905450465,4.29289719596179,4.254249438238745,0.0037967082421697176,71,103;117;119;187;217,5
Net3,79,251,16,97,44,0.022727272727272728,54.639175257731964,120,0,0,0.017823707759285774,4.027225811282485,3.6784822871206604,0.015403491570856187,8,103;117;119;187;217,5
Net3,79,251,24,97,44,0.022727272727272728,54.639175257731964,125,0,0,0.0011854039986171636,6.73767163539439,1.5438496152774077,0.015884129375829503,3,103;117;119;187;217,5
Net3,80,253,1,97,92,0.010869565217391304,5.154639175257736,10,0,0,0.010869565217391304,4.5217885770490405,4.5217885770490405,0.0,92,103;117;119;187;217,5
Net3,80,253,2,97,92,0.010869565217391304,5.154639175257736,10,0,0,0.010869565217391304,4.5217885770490405,4.5217885770490405,0.0,92,103;117;119;187;217,5
Net3,80,253,4,97,74,0.013513513513513514,23.71134020618557,120,0,0,0.013279750642524735,4.321514912028456,4.30114190908438,0.0010008548136452057,74,103;117;119;187;217,5
Net3,80,253,8,97,71,0.014084507042253521,26.80412371134021,120,0,0,0.013665276905450465,4.29289719596179,4.254249438238745,0.0037967082421697176,71,103;117;119;187;217,5
Net3,80,253,16,97,44,0.022727272727272728,54.639175257731964,120,0,0,0.017823707759285774,4.027225811282485,3.6784822871206604,0.015403491570856187,8,103;117;119;187;217,5
Net3,80,253,24,97,44,0.022727272727272728,54.639175257731964,125,0,0,0.0011854039986171636,6.73767163539439,1.5438496152774077,0.015884129375829503,3,103;117;119;187;217,5
Net3,81,255,1,97,92,0.010869565217391304,5.154639175257736,10,0,0,0.010869565217391304,4.5217885770490405,4.5217885770490405,0.0,92,103;117;119;187;217,5
Net3,81,255,2,97,92,0.010869565217391304,5.154639175257736,10,0,0,0.010869565217391304,4.5217885770490405,4.5217885770490405,0.0,92,103;117;119;187;217,5
Net3,81,255,4,97,74,0.013513513513513514,23.71134020618557,120,0,0,0.013279750642524735,4.321514912028456,4.30114190908438,0.0010008548136452057,74,103;117;119;187;217,5
Net3,81,255,8,97,71,0.014084507042253521,26.80412371134021,120,0,0,0.013665276905450465,4.29289719596179,4.254249438238745,0.0037967082421697176,71,103;117;119;187;217,5
Net3,81,255,16,97,44,0.022727272727272728,54.639175257731964,120,0,0,0.017823707759285774,4.027225811282485,3.6784822871206604,0.015403491570856187,8,103;117;119;187;217,5
Net3,81,255,24,97,44,0.022727272727272728,54.639175257731964,125,0,0,0.0011854039986171636,6.73767163539439,1.5438496152774077,0.015884129375829503,3,103;117;119;187;217,5
Net3,82,257,1,97,92,0.010869565217391304,5.154639175257736,10,0,0,0.010869565217391304,4.5217885770490405,4.5217885770490405,0.0,92,103;117;119;187;217,5
Net3,82,257,2,97,92,0.010869565217391304,5.154639175257736,10,0,0,0.010869565217391304,4.5217885770490405,4.5217885770490405,0.0,92,103;117;119;187;217,5
Net3,82,257,4,97,2,0.5,97.9381443298969,120,0,1,0.4755944805414926,0.7431897194862315,0.788749215900909,0.025031288449552214,2,103;117;119;187;217,5
Net3,82,257,8,97,2,0.5,97.9381443298969,120,0,1,0.4610736751457488,0.7741974328203153,0.6983511548708128,0.0766999654966174,2,103;117;119;187;217,5
Net3,82,257,16,97,2,0.5,97.9381443298969,120,0,1,0.4488607024743258,0.8010426788522216,0.6884794396130284,0.10222248746353652,2,103;117;119;187;217,5
Net3,82,257,24,97,2,0.5,97.9381443298969,120,0,1,0.29484122386169287,1.2213182917346048,0.6064297079294593,0.41031755227661104,2,103;117;119;187;217,5
Net3,83,259,1,97,92,0.010869565217391304,5.154639175257736,10,0,0,0.010869565217391304,4.5217885770490405,4.5217885770490405,0.0,92,103;117;119;187;217,5
Net3,83,259,2,97,92,0.010869565217391304,5.154639175257736,10,0,0,0.010869565217391304,4.5217885770490405,4.5217885770490405,0.0,92,103;117;119;187;217,5
Net3,83,259,4,97,3,0.3333333333333333,96.90721649484536,120,0,1,0.31638902127175744,1.1507827425789094,1.0977425443709992,0.01752847763278431,3,103;117;119;187;217,5
Net3,83,259,8,97,3,0.3333333333333333,96.90721649484536,120,0,1,0.29408402818527424,1.2238897423254027,1.09298849353323,0.05420621326681968,3,103;117;119;187;217,5
Net3,83,259,16,97,3,0.3333333333333333,96.90721649484536,120,0,1,0.2779071929005848,1.2804680595150777,1.0877027009223148,0.07381826468592695,3,103;117;119;187;217,5
Net3,83,259,24,97,3,0.3333333333333333,96.90721649484536,120,0,1,0.13742570691267306,1.9846718212597543,0.9233534100269953,0.35392937259589874,2,103;117;119;187;217,5
Net3,84,261,1,97,92,0.010869565217391304,5.154639175257736,10,0,0,0.010869565217391304,4.5217885770490405,4.5217885770490405,0.0,92,103;117;119;187;217,5
Net3,84,261,2,97,92,0.010869565217391304,5.154639175257736,10,0,0,0.010869565217391304,4.5217885770490405,4.5217885770490405,0.0,92,103;117;119;187;217,5
Net3,84,261,4,97,2,0.5,97.9381443298969,263,0,1,0.46219980218777884,0.7717580091216566,0.7938472337150544,0.04993294261862441,2,103;117;119;187;217,5
Net3,84,261,8,97,1,1.0,98.96907216494846,261,1,1,0.939304252142056,0.06261583506541961,0.22887762344533236,0.8786085043780414,1,103;117;119;187;217,5
Net3,84,261,16,97,1,1.0,98.96907216494846,261,1,1,0.9967795164363414,0.003225680481575874,0.021695147520282756,0.9935590328726831,1,103;117;119;187;217,5
Net3,84,261,24,97,1,1.0,98.96907216494846,261,1,1,0.9966105918031696,0.0033951652531496786,0.02265956082549915,0.9932211836063392,1,103;117;119;187;217,5
Net3,85,263,1,97,92,0.010869565217391304,5.154639175257736,10,0,0,0.010869565217391304,4.5217885770490405,4.5217885770490405,0.0,92,103;117;119;187;217,5
Net3,85,263,2,97,92,0.010869565217391304,5.154639175257736,10,0,0,0.010869565217391304,4.5217885770490405,4.5217885770490405,0.0,92,103;117;119;187;217,5
Net3,85,263,4,97,1,1.0,98.96907216494846,263,1,1,0.9973681120067093,0.0026353574994000158,0.018806810958209047,0.9948746917266925,1,103;117;119;187;217,5
Net3,85,263,8,97,1,1.0,98.96907216494846,263,1,1,0.9999996710502156,3.2894983851566173e-07,5.239334076212503e-06,0.9999993421029554,1,103;117;119;187;217,5
Net3,85,263,16,97,1,1.0,98.96907216494846,263,1,1,0.999999653739732,3.462603279618654e-07,5.497253966499403e-06,0.9999993074794641,1,103;117;119;187;217,5
Net3,85,263,24,97,1,1.0,98.96907216494846,263,1,1,0.9999999826869809,1.7313019279309373e-08,3.2672795600425805e-07,0.9999999653739617,1,103;117;119;187;217,5
Net3,86,265,1,97,92,0.010869565217391304,5.154639175257736,10,0,0,0.010869565217391304,4.5217885770490405,4.5217885770490405,0.0,92,103;117;119;187;217,5
Net3,86,265,2,97,92,0.010869565217391304,5.154639175257736,10,0,0,0.010869565217391304,4.5217885770490405,4.5217885770490405,0.0,92,103;117;119;187;217,5
Net3,86,265,4,97,74,0.013513513513513514,23.71134020618557,120,0,0,0.013279750642524735,4.321514912028456,4.30114190908438,0.0010008548136452057,74,103;117;119;187;217,5
Net3,86,265,8,97,71,0.014084507042253521,26.80412371134021,120,0,0,0.013665276905450465,4.29289719596179,4.254249438238745,0.0037967082421697176,71,103;117;119;187;217,5
Net3,86,265,16,97,2,0.5,97.9381443298969,169,0,1,0.4748757874787175,0.7447020091893997,0.9041288107643455,0.0,2,103;117;119;187;217,5
Net3,86,265,24,97,2,0.5,97.9381443298969,169,0,1,0.4749356170485667,0.7445760271899351,0.9029033991952156,0.0,2,103;117;119;187;217,5
Net3,87,267,1,97,92,0.010869565217391304,5.154639175257736,10,0,0,0.010869565217391304,4.5217885770490405,4.5217885770490405,0.0,92,103;117;119;187;217,5
Net3,87,267,2,97,92,0.010869565217391304,5.154639175257736,10,0,0,0.010869565217391304,4.5217885770490405,4.5217885770490405,0.0,92,103;117;119;187;217,5
Net3,87,267,4,97,74,0.013513513513513514,23.71134020618557,120,0,0,0.013279750642524735,4.321514912028456,4.30114190908438,0.0010008548136452057,74,103;117;119;187;217,5
Net3,87,267,8,97,71,0.014084507042253521,26.80412371134021,120,0,0,0.013665276905450465,4.29289719596179,4.254249438238745,0.0037967082421697176,71,103;117;119;187;217,5
Net3,87,267,16,97,1,1.0,98.96907216494846,267,1,1,0.8191401058561879,0.1995001403382977,0.6763834660990699,0.7307356582289655,1,103;117;119;187;217,5
Net3,87,267,24,97,1,1.0,98.96907216494846,267,1,1,0.9995461299831074,0.00045397304706473285,0.004247880192426591,0.9992622497387437,1,103;117;119;187;217,5
Net3,88,269,1,97,92,0.010869565217391304,5.154639175257736,10,0,0,0.010869565217391304,4.5217885770490405,4.5217885770490405,0.0,92,103;117;119;187;217,5
Net3,88,269,2,97,92,0.010869565217391304,5.154639175257736,10,0,0,0.010869565217391304,4.5217885770490405,4.5217885770490405,0.0,92,103;117;119;187;217,5
Net3,88,269,4,97,74,0.013513513513513514,23.71134020618557,120,0,0,0.013279750642524735,4.321514912028456,4.30114190908438,0.0010008548136452057,74,103;117;119;187;217,5
Net3,88,269,8,97,71,0.014084507042253521,26.80412371134021,120,0,0,0.013665276905450465,4.29289719596179,4.254249438238745,0.0037967082421697176,71,103;117;119;187;217,5
Net3,88,269,16,97,3,0.3333333333333333,96.90721649484536,120,0,1,0.1328933009385612,2.0182087213162374,1.1754924047724198,0.0844239840754143,3,103;117;119;187;217,5
Net3,88,269,24,97,3,0.3333333333333333,96.90721649484536,120,0,1,0.05430580665058004,2.913124121284774,0.9810863104679595,0.37063497156775554,2,103;117;119;187;217,5
Net3,89,271,1,97,92,0.010869565217391304,5.154639175257736,10,0,0,0.010869565217391304,4.5217885770490405,4.5217885770490405,0.0,92,103;117;119;187;217,5
Net3,89,271,2,97,92,0.010869565217391304,5.154639175257736,10,0,0,0.010869565217391304,4.5217885770490405,4.5217885770490405,0.0,92,103;117;119;187;217,5
Net3,89,271,4,97,74,0.013513513513513514,23.71134020618557,120,0,0,0.013279750642524735,4.321514912028456,4.30114190908438,0.0010008548136452057,74,103;117;119;187;217,5
Net3,89,271,8,97,71,0.014084507042253521,26.80412371134021,120,0,0,0.013665276905450465,4.29289719596179,4.254249438238745,0.0037967082421697176,71,103;117;119;187;217,5
Net3,89,271,16,97,44,0.022727272727272728,54.639175257731964,120,0,0,0.017823707759285774,4.027225811282485,3.6784822871206604,0.015403491570856187,8,103;117;119;187;217,5
Net3,89,271,24,97,44,0.022727272727272728,54.639175257731964,125,0,0,0.0011854039986171636,6.73767163539439,1.5438496152774077,0.015884129375829503,3,103;117;119;187;217,5
Net3,90,273,1,97,92,0.010869565217391304,5.154639175257736,10,0,0,0.010869565217391304,4.5217885770490405,4.5217885770490405,0.0,92,103;117;119;187;217,5
Net3,90,273,2,97,92,0.010869565217391304,5.154639175257736,10,0,0,0.010869565217391304,4.5217885770490405,4.5217885770490405,0.0,92,103;117;119;187;217,5
Net3,90,273,4,97,74,0.013513513513513514,23.71134020618557,120,0,0,0.013279750642524735,4.321514912028456,4.30114190908438,0.0010008548136452057,74,103;117;119;187;217,5
Net3,90,273,8,97,71,0.014084507042253521,26.80412371134021,120,0,0,0.013665276905450465,4.29289719596179,4.254249438238745,0.0037967082421697176,71,103;117;119;187;217,5
Net3,90,273,16,97,1,1.0,98.96907216494846,273,1,1,0.892776686468972,0.11341880052200855,0.4468882321997058,0.8379719083307459,1,103;117;119;187;217,5
Net3,90,273,24,97,1,1.0,98.96907216494846,273,1,1,0.9999177842429615,8.221913693909208e-05,0.0009855841612185065,0.999897451246345,1,103;117;119;187;217,5
Net3,91,275,1,97,92,0.010869565217391304,5.154639175257736,10,0,0,0.010869565217391304,4.5217885770490405,4.5217885770490405,0.0,92,103;117;119;187;217,5
Net3,91,275,2,97,92,0.010869565217391304,5.154639175257736,10,0,0,0.010869565217391304,4.5217885770490405,4.5217885770490405,0.0,92,103;117;119;187;217,5
Net3,91,275,4,97,74,0.013513513513513514,23.71134020618557,120,0,0,0.013279750642524735,4.321514912028456,4.30114190908438,0.0010008548136452057,74,103;117;119;187;217,5
Net3,91,275,8,97,71,0.014084507042253521,26.80412371134021,120,0,0,0.013665276905450465,4.29289719596179,4.254249438238745,0.0037967082421697176,71,103;117;119;187;217,5
Net3,91,275,16,97,1,1.0,98.96907216494846,275,1,1,0.9972356320592868,0.0027681958619183216,0.019639154776891106,0.9946113277643939,1,103;117;119;187;217,5
Net3,91,275,24,97,1,1.0,98.96907216494846,275,1,1,0.9972354509398729,0.0027683774834173294,0.019642182728327344,0.99461114712161,1,103;117;119;187;217,5
